# Waveshare ESP32-S3-Zero 3D Model
mtllib ESP32-S3-Zero.mtl

v -9.0000 0.0000 0.0000
v 9.0000 0.0000 0.0000
v 9.0000 23.5000 0.0000
v -9.0000 23.5000 0.0000
v -9.0000 0.0000 1.2000
v -9.0000 23.5000 1.2000
v 9.0000 23.5000 1.2000
v 9.0000 0.0000 1.2000
v -9.0000 0.0000 0.0000
v -9.0000 0.0000 1.2000
v 9.0000 0.0000 1.2000
v 9.0000 0.0000 0.0000
v 9.0000 23.5000 0.0000
v 9.0000 23.5000 1.2000
v -9.0000 23.5000 1.2000
v -9.0000 23.5000 0.0000
v -9.0000 0.0000 0.0000
v -9.0000 23.5000 0.0000
v -9.0000 23.5000 1.2000
v -9.0000 0.0000 1.2000
v 9.0000 0.0000 0.0000
v 9.0000 0.0000 1.2000
v 9.0000 23.5000 1.2000
v 9.0000 23.5000 0.0000
v -4.4700 17.1500 1.2000
v 4.4700 17.1500 1.2000
v 4.4700 24.5000 1.2000
v -4.4700 24.5000 1.2000
v -4.4700 17.1500 4.4000
v -4.4700 24.5000 4.4000
v 4.4700 24.5000 4.4000
v 4.4700 17.1500 4.4000
v -4.4700 17.1500 1.2000
v -4.4700 17.1500 4.4000
v 4.4700 17.1500 4.4000
v 4.4700 17.1500 1.2000
v 4.4700 24.5000 1.2000
v 4.4700 24.5000 4.4000
v -4.4700 24.5000 4.4000
v -4.4700 24.5000 1.2000
v -4.4700 17.1500 1.2000
v -4.4700 24.5000 1.2000
v -4.4700 24.5000 4.4000
v -4.4700 17.1500 4.4000
v 4.4700 17.1500 1.2000
v 4.4700 17.1500 4.4000
v 4.4700 24.5000 4.4000
v 4.4700 24.5000 1.2000
v -3.5000 24.4000 2.0000
v 3.5000 24.4000 2.0000
v 3.5000 24.5100 2.0000
v -3.5000 24.5100 2.0000
v -3.5000 24.4000 3.6000
v -3.5000 24.5100 3.6000
v 3.5000 24.5100 3.6000
v 3.5000 24.4000 3.6000
v -3.5000 24.4000 2.0000
v -3.5000 24.4000 3.6000
v 3.5000 24.4000 3.6000
v 3.5000 24.4000 2.0000
v 3.5000 24.5100 2.0000
v 3.5000 24.5100 3.6000
v -3.5000 24.5100 3.6000
v -3.5000 24.5100 2.0000
v -3.5000 24.4000 2.0000
v -3.5000 24.5100 2.0000
v -3.5000 24.5100 3.6000
v -3.5000 24.4000 3.6000
v 3.5000 24.4000 2.0000
v 3.5000 24.4000 3.6000
v 3.5000 24.5100 3.6000
v 3.5000 24.5100 2.0000
v -3.5000 8.0000 1.2000
v 3.5000 8.0000 1.2000
v 3.5000 15.0000 1.2000
v -3.5000 15.0000 1.2000
v -3.5000 8.0000 2.1000
v -3.5000 15.0000 2.1000
v 3.5000 15.0000 2.1000
v 3.5000 8.0000 2.1000
v -3.5000 8.0000 1.2000
v -3.5000 8.0000 2.1000
v 3.5000 8.0000 2.1000
v 3.5000 8.0000 1.2000
v 3.5000 15.0000 1.2000
v 3.5000 15.0000 2.1000
v -3.5000 15.0000 2.1000
v -3.5000 15.0000 1.2000
v -3.5000 8.0000 1.2000
v -3.5000 15.0000 1.2000
v -3.5000 15.0000 2.1000
v -3.5000 8.0000 2.1000
v 3.5000 8.0000 1.2000
v 3.5000 8.0000 2.1000
v 3.5000 15.0000 2.1000
v 3.5000 15.0000 1.2000
v -2.2500 14.1000 2.1000
v -2.2500 14.1000 2.1500
v -2.2969 14.2750 2.1500
v -2.2969 14.2750 2.1000
v -2.2969 14.2750 2.1000
v -2.2969 14.2750 2.1500
v -2.4250 14.4031 2.1500
v -2.4250 14.4031 2.1000
v -2.4250 14.4031 2.1000
v -2.4250 14.4031 2.1500
v -2.6000 14.4500 2.1500
v -2.6000 14.4500 2.1000
v -2.6000 14.4500 2.1000
v -2.6000 14.4500 2.1500
v -2.7750 14.4031 2.1500
v -2.7750 14.4031 2.1000
v -2.7750 14.4031 2.1000
v -2.7750 14.4031 2.1500
v -2.9031 14.2750 2.1500
v -2.9031 14.2750 2.1000
v -2.9031 14.2750 2.1000
v -2.9031 14.2750 2.1500
v -2.9500 14.1000 2.1500
v -2.9500 14.1000 2.1000
v -2.9500 14.1000 2.1000
v -2.9500 14.1000 2.1500
v -2.9031 13.9250 2.1500
v -2.9031 13.9250 2.1000
v -2.9031 13.9250 2.1000
v -2.9031 13.9250 2.1500
v -2.7750 13.7969 2.1500
v -2.7750 13.7969 2.1000
v -2.7750 13.7969 2.1000
v -2.7750 13.7969 2.1500
v -2.6000 13.7500 2.1500
v -2.6000 13.7500 2.1000
v -2.6000 13.7500 2.1000
v -2.6000 13.7500 2.1500
v -2.4250 13.7969 2.1500
v -2.4250 13.7969 2.1000
v -2.4250 13.7969 2.1000
v -2.4250 13.7969 2.1500
v -2.2969 13.9250 2.1500
v -2.2969 13.9250 2.1000
v -2.2969 13.9250 2.1000
v -2.2969 13.9250 2.1500
v -2.2500 14.1000 2.1500
v -2.2500 14.1000 2.1000
v -2.6000 14.1000 2.1500
v -2.2500 14.1000 2.1500
v -2.2969 14.2750 2.1500
v -2.6000 14.1000 2.1500
v -2.2969 14.2750 2.1500
v -2.4250 14.4031 2.1500
v -2.6000 14.1000 2.1500
v -2.4250 14.4031 2.1500
v -2.6000 14.4500 2.1500
v -2.6000 14.1000 2.1500
v -2.6000 14.4500 2.1500
v -2.7750 14.4031 2.1500
v -2.6000 14.1000 2.1500
v -2.7750 14.4031 2.1500
v -2.9031 14.2750 2.1500
v -2.6000 14.1000 2.1500
v -2.9031 14.2750 2.1500
v -2.9500 14.1000 2.1500
v -2.6000 14.1000 2.1500
v -2.9500 14.1000 2.1500
v -2.9031 13.9250 2.1500
v -2.6000 14.1000 2.1500
v -2.9031 13.9250 2.1500
v -2.7750 13.7969 2.1500
v -2.6000 14.1000 2.1500
v -2.7750 13.7969 2.1500
v -2.6000 13.7500 2.1500
v -2.6000 14.1000 2.1500
v -2.6000 13.7500 2.1500
v -2.4250 13.7969 2.1500
v -2.6000 14.1000 2.1500
v -2.4250 13.7969 2.1500
v -2.2969 13.9250 2.1500
v -2.6000 14.1000 2.1500
v -2.2969 13.9250 2.1500
v -2.2500 14.1000 2.1500
v -2.6000 14.1000 2.1000
v -2.2969 14.2750 2.1000
v -2.2500 14.1000 2.1000
v -2.6000 14.1000 2.1000
v -2.4250 14.4031 2.1000
v -2.2969 14.2750 2.1000
v -2.6000 14.1000 2.1000
v -2.6000 14.4500 2.1000
v -2.4250 14.4031 2.1000
v -2.6000 14.1000 2.1000
v -2.7750 14.4031 2.1000
v -2.6000 14.4500 2.1000
v -2.6000 14.1000 2.1000
v -2.9031 14.2750 2.1000
v -2.7750 14.4031 2.1000
v -2.6000 14.1000 2.1000
v -2.9500 14.1000 2.1000
v -2.9031 14.2750 2.1000
v -2.6000 14.1000 2.1000
v -2.9031 13.9250 2.1000
v -2.9500 14.1000 2.1000
v -2.6000 14.1000 2.1000
v -2.7750 13.7969 2.1000
v -2.9031 13.9250 2.1000
v -2.6000 14.1000 2.1000
v -2.6000 13.7500 2.1000
v -2.7750 13.7969 2.1000
v -2.6000 14.1000 2.1000
v -2.4250 13.7969 2.1000
v -2.6000 13.7500 2.1000
v -2.6000 14.1000 2.1000
v -2.2969 13.9250 2.1000
v -2.4250 13.7969 2.1000
v -2.6000 14.1000 2.1000
v -2.2500 14.1000 2.1000
v -2.2969 13.9250 2.1000
v -1.6000 0.5000 1.2000
v 1.6000 0.5000 1.2000
v 1.6000 2.1000 1.2000
v -1.6000 2.1000 1.2000
v -1.6000 0.5000 2.4000
v -1.6000 2.1000 2.4000
v 1.6000 2.1000 2.4000
v 1.6000 0.5000 2.4000
v -1.6000 0.5000 1.2000
v -1.6000 0.5000 2.4000
v 1.6000 0.5000 2.4000
v 1.6000 0.5000 1.2000
v 1.6000 2.1000 1.2000
v 1.6000 2.1000 2.4000
v -1.6000 2.1000 2.4000
v -1.6000 2.1000 1.2000
v -1.6000 0.5000 1.2000
v -1.6000 2.1000 1.2000
v -1.6000 2.1000 2.4000
v -1.6000 0.5000 2.4000
v 1.6000 0.5000 1.2000
v 1.6000 0.5000 2.4000
v 1.6000 2.1000 2.4000
v 1.6000 2.1000 1.2000
v -6.8000 19.5000 1.2000
v -4.8000 19.5000 1.2000
v -4.8000 21.5000 1.2000
v -6.8000 21.5000 1.2000
v -6.8000 19.5000 2.2000
v -6.8000 21.5000 2.2000
v -4.8000 21.5000 2.2000
v -4.8000 19.5000 2.2000
v -6.8000 19.5000 1.2000
v -6.8000 19.5000 2.2000
v -4.8000 19.5000 2.2000
v -4.8000 19.5000 1.2000
v -4.8000 21.5000 1.2000
v -4.8000 21.5000 2.2000
v -6.8000 21.5000 2.2000
v -6.8000 21.5000 1.2000
v -6.8000 19.5000 1.2000
v -6.8000 21.5000 1.2000
v -6.8000 21.5000 2.2000
v -6.8000 19.5000 2.2000
v -4.8000 19.5000 1.2000
v -4.8000 19.5000 2.2000
v -4.8000 21.5000 2.2000
v -4.8000 21.5000 1.2000
v -5.3000 20.5000 2.2000
v -5.3000 20.5000 2.6000
v -5.3670 20.7500 2.6000
v -5.3670 20.7500 2.2000
v -5.3670 20.7500 2.2000
v -5.3670 20.7500 2.6000
v -5.5500 20.9330 2.6000
v -5.5500 20.9330 2.2000
v -5.5500 20.9330 2.2000
v -5.5500 20.9330 2.6000
v -5.8000 21.0000 2.6000
v -5.8000 21.0000 2.2000
v -5.8000 21.0000 2.2000
v -5.8000 21.0000 2.6000
v -6.0500 20.9330 2.6000
v -6.0500 20.9330 2.2000
v -6.0500 20.9330 2.2000
v -6.0500 20.9330 2.6000
v -6.2330 20.7500 2.6000
v -6.2330 20.7500 2.2000
v -6.2330 20.7500 2.2000
v -6.2330 20.7500 2.6000
v -6.3000 20.5000 2.6000
v -6.3000 20.5000 2.2000
v -6.3000 20.5000 2.2000
v -6.3000 20.5000 2.6000
v -6.2330 20.2500 2.6000
v -6.2330 20.2500 2.2000
v -6.2330 20.2500 2.2000
v -6.2330 20.2500 2.6000
v -6.0500 20.0670 2.6000
v -6.0500 20.0670 2.2000
v -6.0500 20.0670 2.2000
v -6.0500 20.0670 2.6000
v -5.8000 20.0000 2.6000
v -5.8000 20.0000 2.2000
v -5.8000 20.0000 2.2000
v -5.8000 20.0000 2.6000
v -5.5500 20.0670 2.6000
v -5.5500 20.0670 2.2000
v -5.5500 20.0670 2.2000
v -5.5500 20.0670 2.6000
v -5.3670 20.2500 2.6000
v -5.3670 20.2500 2.2000
v -5.3670 20.2500 2.2000
v -5.3670 20.2500 2.6000
v -5.3000 20.5000 2.6000
v -5.3000 20.5000 2.2000
v -5.8000 20.5000 2.6000
v -5.3000 20.5000 2.6000
v -5.3670 20.7500 2.6000
v -5.8000 20.5000 2.6000
v -5.3670 20.7500 2.6000
v -5.5500 20.9330 2.6000
v -5.8000 20.5000 2.6000
v -5.5500 20.9330 2.6000
v -5.8000 21.0000 2.6000
v -5.8000 20.5000 2.6000
v -5.8000 21.0000 2.6000
v -6.0500 20.9330 2.6000
v -5.8000 20.5000 2.6000
v -6.0500 20.9330 2.6000
v -6.2330 20.7500 2.6000
v -5.8000 20.5000 2.6000
v -6.2330 20.7500 2.6000
v -6.3000 20.5000 2.6000
v -5.8000 20.5000 2.6000
v -6.3000 20.5000 2.6000
v -6.2330 20.2500 2.6000
v -5.8000 20.5000 2.6000
v -6.2330 20.2500 2.6000
v -6.0500 20.0670 2.6000
v -5.8000 20.5000 2.6000
v -6.0500 20.0670 2.6000
v -5.8000 20.0000 2.6000
v -5.8000 20.5000 2.6000
v -5.8000 20.0000 2.6000
v -5.5500 20.0670 2.6000
v -5.8000 20.5000 2.6000
v -5.5500 20.0670 2.6000
v -5.3670 20.2500 2.6000
v -5.8000 20.5000 2.6000
v -5.3670 20.2500 2.6000
v -5.3000 20.5000 2.6000
v -5.8000 20.5000 2.2000
v -5.3670 20.7500 2.2000
v -5.3000 20.5000 2.2000
v -5.8000 20.5000 2.2000
v -5.5500 20.9330 2.2000
v -5.3670 20.7500 2.2000
v -5.8000 20.5000 2.2000
v -5.8000 21.0000 2.2000
v -5.5500 20.9330 2.2000
v -5.8000 20.5000 2.2000
v -6.0500 20.9330 2.2000
v -5.8000 21.0000 2.2000
v -5.8000 20.5000 2.2000
v -6.2330 20.7500 2.2000
v -6.0500 20.9330 2.2000
v -5.8000 20.5000 2.2000
v -6.3000 20.5000 2.2000
v -6.2330 20.7500 2.2000
v -5.8000 20.5000 2.2000
v -6.2330 20.2500 2.2000
v -6.3000 20.5000 2.2000
v -5.8000 20.5000 2.2000
v -6.0500 20.0670 2.2000
v -6.2330 20.2500 2.2000
v -5.8000 20.5000 2.2000
v -5.8000 20.0000 2.2000
v -6.0500 20.0670 2.2000
v -5.8000 20.5000 2.2000
v -5.5500 20.0670 2.2000
v -5.8000 20.0000 2.2000
v -5.8000 20.5000 2.2000
v -5.3670 20.2500 2.2000
v -5.5500 20.0670 2.2000
v -5.8000 20.5000 2.2000
v -5.3000 20.5000 2.2000
v -5.3670 20.2500 2.2000
v 4.8000 19.5000 1.2000
v 6.8000 19.5000 1.2000
v 6.8000 21.5000 1.2000
v 4.8000 21.5000 1.2000
v 4.8000 19.5000 2.2000
v 4.8000 21.5000 2.2000
v 6.8000 21.5000 2.2000
v 6.8000 19.5000 2.2000
v 4.8000 19.5000 1.2000
v 4.8000 19.5000 2.2000
v 6.8000 19.5000 2.2000
v 6.8000 19.5000 1.2000
v 6.8000 21.5000 1.2000
v 6.8000 21.5000 2.2000
v 4.8000 21.5000 2.2000
v 4.8000 21.5000 1.2000
v 4.8000 19.5000 1.2000
v 4.8000 21.5000 1.2000
v 4.8000 21.5000 2.2000
v 4.8000 19.5000 2.2000
v 6.8000 19.5000 1.2000
v 6.8000 19.5000 2.2000
v 6.8000 21.5000 2.2000
v 6.8000 21.5000 1.2000
v 6.3000 20.5000 2.2000
v 6.3000 20.5000 2.6000
v 6.2330 20.7500 2.6000
v 6.2330 20.7500 2.2000
v 6.2330 20.7500 2.2000
v 6.2330 20.7500 2.6000
v 6.0500 20.9330 2.6000
v 6.0500 20.9330 2.2000
v 6.0500 20.9330 2.2000
v 6.0500 20.9330 2.6000
v 5.8000 21.0000 2.6000
v 5.8000 21.0000 2.2000
v 5.8000 21.0000 2.2000
v 5.8000 21.0000 2.6000
v 5.5500 20.9330 2.6000
v 5.5500 20.9330 2.2000
v 5.5500 20.9330 2.2000
v 5.5500 20.9330 2.6000
v 5.3670 20.7500 2.6000
v 5.3670 20.7500 2.2000
v 5.3670 20.7500 2.2000
v 5.3670 20.7500 2.6000
v 5.3000 20.5000 2.6000
v 5.3000 20.5000 2.2000
v 5.3000 20.5000 2.2000
v 5.3000 20.5000 2.6000
v 5.3670 20.2500 2.6000
v 5.3670 20.2500 2.2000
v 5.3670 20.2500 2.2000
v 5.3670 20.2500 2.6000
v 5.5500 20.0670 2.6000
v 5.5500 20.0670 2.2000
v 5.5500 20.0670 2.2000
v 5.5500 20.0670 2.6000
v 5.8000 20.0000 2.6000
v 5.8000 20.0000 2.2000
v 5.8000 20.0000 2.2000
v 5.8000 20.0000 2.6000
v 6.0500 20.0670 2.6000
v 6.0500 20.0670 2.2000
v 6.0500 20.0670 2.2000
v 6.0500 20.0670 2.6000
v 6.2330 20.2500 2.6000
v 6.2330 20.2500 2.2000
v 6.2330 20.2500 2.2000
v 6.2330 20.2500 2.6000
v 6.3000 20.5000 2.6000
v 6.3000 20.5000 2.2000
v 5.8000 20.5000 2.6000
v 6.3000 20.5000 2.6000
v 6.2330 20.7500 2.6000
v 5.8000 20.5000 2.6000
v 6.2330 20.7500 2.6000
v 6.0500 20.9330 2.6000
v 5.8000 20.5000 2.6000
v 6.0500 20.9330 2.6000
v 5.8000 21.0000 2.6000
v 5.8000 20.5000 2.6000
v 5.8000 21.0000 2.6000
v 5.5500 20.9330 2.6000
v 5.8000 20.5000 2.6000
v 5.5500 20.9330 2.6000
v 5.3670 20.7500 2.6000
v 5.8000 20.5000 2.6000
v 5.3670 20.7500 2.6000
v 5.3000 20.5000 2.6000
v 5.8000 20.5000 2.6000
v 5.3000 20.5000 2.6000
v 5.3670 20.2500 2.6000
v 5.8000 20.5000 2.6000
v 5.3670 20.2500 2.6000
v 5.5500 20.0670 2.6000
v 5.8000 20.5000 2.6000
v 5.5500 20.0670 2.6000
v 5.8000 20.0000 2.6000
v 5.8000 20.5000 2.6000
v 5.8000 20.0000 2.6000
v 6.0500 20.0670 2.6000
v 5.8000 20.5000 2.6000
v 6.0500 20.0670 2.6000
v 6.2330 20.2500 2.6000
v 5.8000 20.5000 2.6000
v 6.2330 20.2500 2.6000
v 6.3000 20.5000 2.6000
v 5.8000 20.5000 2.2000
v 6.2330 20.7500 2.2000
v 6.3000 20.5000 2.2000
v 5.8000 20.5000 2.2000
v 6.0500 20.9330 2.2000
v 6.2330 20.7500 2.2000
v 5.8000 20.5000 2.2000
v 5.8000 21.0000 2.2000
v 6.0500 20.9330 2.2000
v 5.8000 20.5000 2.2000
v 5.5500 20.9330 2.2000
v 5.8000 21.0000 2.2000
v 5.8000 20.5000 2.2000
v 5.3670 20.7500 2.2000
v 5.5500 20.9330 2.2000
v 5.8000 20.5000 2.2000
v 5.3000 20.5000 2.2000
v 5.3670 20.7500 2.2000
v 5.8000 20.5000 2.2000
v 5.3670 20.2500 2.2000
v 5.3000 20.5000 2.2000
v 5.8000 20.5000 2.2000
v 5.5500 20.0670 2.2000
v 5.3670 20.2500 2.2000
v 5.8000 20.5000 2.2000
v 5.8000 20.0000 2.2000
v 5.5500 20.0670 2.2000
v 5.8000 20.5000 2.2000
v 6.0500 20.0670 2.2000
v 5.8000 20.0000 2.2000
v 5.8000 20.5000 2.2000
v 6.2330 20.2500 2.2000
v 6.0500 20.0670 2.2000
v 5.8000 20.5000 2.2000
v 6.3000 20.5000 2.2000
v 6.2330 20.2500 2.2000
v -4.5000 15.5000 1.2000
v -2.5000 15.5000 1.2000
v -2.5000 17.5000 1.2000
v -4.5000 17.5000 1.2000
v -4.5000 15.5000 2.0000
v -4.5000 17.5000 2.0000
v -2.5000 17.5000 2.0000
v -2.5000 15.5000 2.0000
v -4.5000 15.5000 1.2000
v -4.5000 15.5000 2.0000
v -2.5000 15.5000 2.0000
v -2.5000 15.5000 1.2000
v -2.5000 17.5000 1.2000
v -2.5000 17.5000 2.0000
v -4.5000 17.5000 2.0000
v -4.5000 17.5000 1.2000
v -4.5000 15.5000 1.2000
v -4.5000 17.5000 1.2000
v -4.5000 17.5000 2.0000
v -4.5000 15.5000 2.0000
v -2.5000 15.5000 1.2000
v -2.5000 15.5000 2.0000
v -2.5000 17.5000 2.0000
v -2.5000 17.5000 1.2000
v -2.9000 16.5000 2.0000
v -2.9000 16.5000 2.1000
v -2.9804 16.8000 2.1000
v -2.9804 16.8000 2.0000
v -2.9804 16.8000 2.0000
v -2.9804 16.8000 2.1000
v -3.2000 17.0196 2.1000
v -3.2000 17.0196 2.0000
v -3.2000 17.0196 2.0000
v -3.2000 17.0196 2.1000
v -3.5000 17.1000 2.1000
v -3.5000 17.1000 2.0000
v -3.5000 17.1000 2.0000
v -3.5000 17.1000 2.1000
v -3.8000 17.0196 2.1000
v -3.8000 17.0196 2.0000
v -3.8000 17.0196 2.0000
v -3.8000 17.0196 2.1000
v -4.0196 16.8000 2.1000
v -4.0196 16.8000 2.0000
v -4.0196 16.8000 2.0000
v -4.0196 16.8000 2.1000
v -4.1000 16.5000 2.1000
v -4.1000 16.5000 2.0000
v -4.1000 16.5000 2.0000
v -4.1000 16.5000 2.1000
v -4.0196 16.2000 2.1000
v -4.0196 16.2000 2.0000
v -4.0196 16.2000 2.0000
v -4.0196 16.2000 2.1000
v -3.8000 15.9804 2.1000
v -3.8000 15.9804 2.0000
v -3.8000 15.9804 2.0000
v -3.8000 15.9804 2.1000
v -3.5000 15.9000 2.1000
v -3.5000 15.9000 2.0000
v -3.5000 15.9000 2.0000
v -3.5000 15.9000 2.1000
v -3.2000 15.9804 2.1000
v -3.2000 15.9804 2.0000
v -3.2000 15.9804 2.0000
v -3.2000 15.9804 2.1000
v -2.9804 16.2000 2.1000
v -2.9804 16.2000 2.0000
v -2.9804 16.2000 2.0000
v -2.9804 16.2000 2.1000
v -2.9000 16.5000 2.1000
v -2.9000 16.5000 2.0000
v -3.5000 16.5000 2.1000
v -2.9000 16.5000 2.1000
v -2.9804 16.8000 2.1000
v -3.5000 16.5000 2.1000
v -2.9804 16.8000 2.1000
v -3.2000 17.0196 2.1000
v -3.5000 16.5000 2.1000
v -3.2000 17.0196 2.1000
v -3.5000 17.1000 2.1000
v -3.5000 16.5000 2.1000
v -3.5000 17.1000 2.1000
v -3.8000 17.0196 2.1000
v -3.5000 16.5000 2.1000
v -3.8000 17.0196 2.1000
v -4.0196 16.8000 2.1000
v -3.5000 16.5000 2.1000
v -4.0196 16.8000 2.1000
v -4.1000 16.5000 2.1000
v -3.5000 16.5000 2.1000
v -4.1000 16.5000 2.1000
v -4.0196 16.2000 2.1000
v -3.5000 16.5000 2.1000
v -4.0196 16.2000 2.1000
v -3.8000 15.9804 2.1000
v -3.5000 16.5000 2.1000
v -3.8000 15.9804 2.1000
v -3.5000 15.9000 2.1000
v -3.5000 16.5000 2.1000
v -3.5000 15.9000 2.1000
v -3.2000 15.9804 2.1000
v -3.5000 16.5000 2.1000
v -3.2000 15.9804 2.1000
v -2.9804 16.2000 2.1000
v -3.5000 16.5000 2.1000
v -2.9804 16.2000 2.1000
v -2.9000 16.5000 2.1000
v -3.5000 16.5000 2.0000
v -2.9804 16.8000 2.0000
v -2.9000 16.5000 2.0000
v -3.5000 16.5000 2.0000
v -3.2000 17.0196 2.0000
v -2.9804 16.8000 2.0000
v -3.5000 16.5000 2.0000
v -3.5000 17.1000 2.0000
v -3.2000 17.0196 2.0000
v -3.5000 16.5000 2.0000
v -3.8000 17.0196 2.0000
v -3.5000 17.1000 2.0000
v -3.5000 16.5000 2.0000
v -4.0196 16.8000 2.0000
v -3.8000 17.0196 2.0000
v -3.5000 16.5000 2.0000
v -4.1000 16.5000 2.0000
v -4.0196 16.8000 2.0000
v -3.5000 16.5000 2.0000
v -4.0196 16.2000 2.0000
v -4.1000 16.5000 2.0000
v -3.5000 16.5000 2.0000
v -3.8000 15.9804 2.0000
v -4.0196 16.2000 2.0000
v -3.5000 16.5000 2.0000
v -3.5000 15.9000 2.0000
v -3.8000 15.9804 2.0000
v -3.5000 16.5000 2.0000
v -3.2000 15.9804 2.0000
v -3.5000 15.9000 2.0000
v -3.5000 16.5000 2.0000
v -2.9804 16.2000 2.0000
v -3.2000 15.9804 2.0000
v -3.5000 16.5000 2.0000
v -2.9000 16.5000 2.0000
v -2.9804 16.2000 2.0000
v -6.8200 2.5400 1.2000
v -6.8200 2.5400 1.2500
v -6.9272 2.9400 1.2500
v -6.9272 2.9400 1.2000
v -6.9272 2.9400 1.2000
v -6.9272 2.9400 1.2500
v -7.2200 3.2328 1.2500
v -7.2200 3.2328 1.2000
v -7.2200 3.2328 1.2000
v -7.2200 3.2328 1.2500
v -7.6200 3.3400 1.2500
v -7.6200 3.3400 1.2000
v -7.6200 3.3400 1.2000
v -7.6200 3.3400 1.2500
v -8.0200 3.2328 1.2500
v -8.0200 3.2328 1.2000
v -8.0200 3.2328 1.2000
v -8.0200 3.2328 1.2500
v -8.3128 2.9400 1.2500
v -8.3128 2.9400 1.2000
v -8.3128 2.9400 1.2000
v -8.3128 2.9400 1.2500
v -8.4200 2.5400 1.2500
v -8.4200 2.5400 1.2000
v -8.4200 2.5400 1.2000
v -8.4200 2.5400 1.2500
v -8.3128 2.1400 1.2500
v -8.3128 2.1400 1.2000
v -8.3128 2.1400 1.2000
v -8.3128 2.1400 1.2500
v -8.0200 1.8472 1.2500
v -8.0200 1.8472 1.2000
v -8.0200 1.8472 1.2000
v -8.0200 1.8472 1.2500
v -7.6200 1.7400 1.2500
v -7.6200 1.7400 1.2000
v -7.6200 1.7400 1.2000
v -7.6200 1.7400 1.2500
v -7.2200 1.8472 1.2500
v -7.2200 1.8472 1.2000
v -7.2200 1.8472 1.2000
v -7.2200 1.8472 1.2500
v -6.9272 2.1400 1.2500
v -6.9272 2.1400 1.2000
v -6.9272 2.1400 1.2000
v -6.9272 2.1400 1.2500
v -6.8200 2.5400 1.2500
v -6.8200 2.5400 1.2000
v -7.6200 2.5400 1.2500
v -6.8200 2.5400 1.2500
v -6.9272 2.9400 1.2500
v -7.6200 2.5400 1.2500
v -6.9272 2.9400 1.2500
v -7.2200 3.2328 1.2500
v -7.6200 2.5400 1.2500
v -7.2200 3.2328 1.2500
v -7.6200 3.3400 1.2500
v -7.6200 2.5400 1.2500
v -7.6200 3.3400 1.2500
v -8.0200 3.2328 1.2500
v -7.6200 2.5400 1.2500
v -8.0200 3.2328 1.2500
v -8.3128 2.9400 1.2500
v -7.6200 2.5400 1.2500
v -8.3128 2.9400 1.2500
v -8.4200 2.5400 1.2500
v -7.6200 2.5400 1.2500
v -8.4200 2.5400 1.2500
v -8.3128 2.1400 1.2500
v -7.6200 2.5400 1.2500
v -8.3128 2.1400 1.2500
v -8.0200 1.8472 1.2500
v -7.6200 2.5400 1.2500
v -8.0200 1.8472 1.2500
v -7.6200 1.7400 1.2500
v -7.6200 2.5400 1.2500
v -7.6200 1.7400 1.2500
v -7.2200 1.8472 1.2500
v -7.6200 2.5400 1.2500
v -7.2200 1.8472 1.2500
v -6.9272 2.1400 1.2500
v -7.6200 2.5400 1.2500
v -6.9272 2.1400 1.2500
v -6.8200 2.5400 1.2500
v -7.6200 2.5400 1.2000
v -6.9272 2.9400 1.2000
v -6.8200 2.5400 1.2000
v -7.6200 2.5400 1.2000
v -7.2200 3.2328 1.2000
v -6.9272 2.9400 1.2000
v -7.6200 2.5400 1.2000
v -7.6200 3.3400 1.2000
v -7.2200 3.2328 1.2000
v -7.6200 2.5400 1.2000
v -8.0200 3.2328 1.2000
v -7.6200 3.3400 1.2000
v -7.6200 2.5400 1.2000
v -8.3128 2.9400 1.2000
v -8.0200 3.2328 1.2000
v -7.6200 2.5400 1.2000
v -8.4200 2.5400 1.2000
v -8.3128 2.9400 1.2000
v -7.6200 2.5400 1.2000
v -8.3128 2.1400 1.2000
v -8.4200 2.5400 1.2000
v -7.6200 2.5400 1.2000
v -8.0200 1.8472 1.2000
v -8.3128 2.1400 1.2000
v -7.6200 2.5400 1.2000
v -7.6200 1.7400 1.2000
v -8.0200 1.8472 1.2000
v -7.6200 2.5400 1.2000
v -7.2200 1.8472 1.2000
v -7.6200 1.7400 1.2000
v -7.6200 2.5400 1.2000
v -6.9272 2.1400 1.2000
v -7.2200 1.8472 1.2000
v -7.6200 2.5400 1.2000
v -6.8200 2.5400 1.2000
v -6.9272 2.1400 1.2000
v -6.8200 2.5400 -0.0500
v -6.8200 2.5400 0.0000
v -6.9272 2.9400 0.0000
v -6.9272 2.9400 -0.0500
v -6.9272 2.9400 -0.0500
v -6.9272 2.9400 0.0000
v -7.2200 3.2328 0.0000
v -7.2200 3.2328 -0.0500
v -7.2200 3.2328 -0.0500
v -7.2200 3.2328 0.0000
v -7.6200 3.3400 0.0000
v -7.6200 3.3400 -0.0500
v -7.6200 3.3400 -0.0500
v -7.6200 3.3400 0.0000
v -8.0200 3.2328 0.0000
v -8.0200 3.2328 -0.0500
v -8.0200 3.2328 -0.0500
v -8.0200 3.2328 0.0000
v -8.3128 2.9400 0.0000
v -8.3128 2.9400 -0.0500
v -8.3128 2.9400 -0.0500
v -8.3128 2.9400 0.0000
v -8.4200 2.5400 0.0000
v -8.4200 2.5400 -0.0500
v -8.4200 2.5400 -0.0500
v -8.4200 2.5400 0.0000
v -8.3128 2.1400 0.0000
v -8.3128 2.1400 -0.0500
v -8.3128 2.1400 -0.0500
v -8.3128 2.1400 0.0000
v -8.0200 1.8472 0.0000
v -8.0200 1.8472 -0.0500
v -8.0200 1.8472 -0.0500
v -8.0200 1.8472 0.0000
v -7.6200 1.7400 0.0000
v -7.6200 1.7400 -0.0500
v -7.6200 1.7400 -0.0500
v -7.6200 1.7400 0.0000
v -7.2200 1.8472 0.0000
v -7.2200 1.8472 -0.0500
v -7.2200 1.8472 -0.0500
v -7.2200 1.8472 0.0000
v -6.9272 2.1400 0.0000
v -6.9272 2.1400 -0.0500
v -6.9272 2.1400 -0.0500
v -6.9272 2.1400 0.0000
v -6.8200 2.5400 0.0000
v -6.8200 2.5400 -0.0500
v -7.6200 2.5400 0.0000
v -6.8200 2.5400 0.0000
v -6.9272 2.9400 0.0000
v -7.6200 2.5400 0.0000
v -6.9272 2.9400 0.0000
v -7.2200 3.2328 0.0000
v -7.6200 2.5400 0.0000
v -7.2200 3.2328 0.0000
v -7.6200 3.3400 0.0000
v -7.6200 2.5400 0.0000
v -7.6200 3.3400 0.0000
v -8.0200 3.2328 0.0000
v -7.6200 2.5400 0.0000
v -8.0200 3.2328 0.0000
v -8.3128 2.9400 0.0000
v -7.6200 2.5400 0.0000
v -8.3128 2.9400 0.0000
v -8.4200 2.5400 0.0000
v -7.6200 2.5400 0.0000
v -8.4200 2.5400 0.0000
v -8.3128 2.1400 0.0000
v -7.6200 2.5400 0.0000
v -8.3128 2.1400 0.0000
v -8.0200 1.8472 0.0000
v -7.6200 2.5400 0.0000
v -8.0200 1.8472 0.0000
v -7.6200 1.7400 0.0000
v -7.6200 2.5400 0.0000
v -7.6200 1.7400 0.0000
v -7.2200 1.8472 0.0000
v -7.6200 2.5400 0.0000
v -7.2200 1.8472 0.0000
v -6.9272 2.1400 0.0000
v -7.6200 2.5400 0.0000
v -6.9272 2.1400 0.0000
v -6.8200 2.5400 0.0000
v -7.6200 2.5400 -0.0500
v -6.9272 2.9400 -0.0500
v -6.8200 2.5400 -0.0500
v -7.6200 2.5400 -0.0500
v -7.2200 3.2328 -0.0500
v -6.9272 2.9400 -0.0500
v -7.6200 2.5400 -0.0500
v -7.6200 3.3400 -0.0500
v -7.2200 3.2328 -0.0500
v -7.6200 2.5400 -0.0500
v -8.0200 3.2328 -0.0500
v -7.6200 3.3400 -0.0500
v -7.6200 2.5400 -0.0500
v -8.3128 2.9400 -0.0500
v -8.0200 3.2328 -0.0500
v -7.6200 2.5400 -0.0500
v -8.4200 2.5400 -0.0500
v -8.3128 2.9400 -0.0500
v -7.6200 2.5400 -0.0500
v -8.3128 2.1400 -0.0500
v -8.4200 2.5400 -0.0500
v -7.6200 2.5400 -0.0500
v -8.0200 1.8472 -0.0500
v -8.3128 2.1400 -0.0500
v -7.6200 2.5400 -0.0500
v -7.6200 1.7400 -0.0500
v -8.0200 1.8472 -0.0500
v -7.6200 2.5400 -0.0500
v -7.2200 1.8472 -0.0500
v -7.6200 1.7400 -0.0500
v -7.6200 2.5400 -0.0500
v -6.9272 2.1400 -0.0500
v -7.2200 1.8472 -0.0500
v -7.6200 2.5400 -0.0500
v -6.8200 2.5400 -0.0500
v -6.9272 2.1400 -0.0500
v -9.0500 2.0400 -0.0500
v -8.7000 2.0400 -0.0500
v -8.7000 3.0400 -0.0500
v -9.0500 3.0400 -0.0500
v -9.0500 2.0400 1.2500
v -9.0500 3.0400 1.2500
v -8.7000 3.0400 1.2500
v -8.7000 2.0400 1.2500
v -9.0500 2.0400 -0.0500
v -9.0500 2.0400 1.2500
v -8.7000 2.0400 1.2500
v -8.7000 2.0400 -0.0500
v -8.7000 3.0400 -0.0500
v -8.7000 3.0400 1.2500
v -9.0500 3.0400 1.2500
v -9.0500 3.0400 -0.0500
v -9.0500 2.0400 -0.0500
v -9.0500 3.0400 -0.0500
v -9.0500 3.0400 1.2500
v -9.0500 2.0400 1.2500
v -8.7000 2.0400 -0.0500
v -8.7000 2.0400 1.2500
v -8.7000 3.0400 1.2500
v -8.7000 3.0400 -0.0500
v 8.4200 2.5400 1.2000
v 8.4200 2.5400 1.2500
v 8.3128 2.9400 1.2500
v 8.3128 2.9400 1.2000
v 8.3128 2.9400 1.2000
v 8.3128 2.9400 1.2500
v 8.0200 3.2328 1.2500
v 8.0200 3.2328 1.2000
v 8.0200 3.2328 1.2000
v 8.0200 3.2328 1.2500
v 7.6200 3.3400 1.2500
v 7.6200 3.3400 1.2000
v 7.6200 3.3400 1.2000
v 7.6200 3.3400 1.2500
v 7.2200 3.2328 1.2500
v 7.2200 3.2328 1.2000
v 7.2200 3.2328 1.2000
v 7.2200 3.2328 1.2500
v 6.9272 2.9400 1.2500
v 6.9272 2.9400 1.2000
v 6.9272 2.9400 1.2000
v 6.9272 2.9400 1.2500
v 6.8200 2.5400 1.2500
v 6.8200 2.5400 1.2000
v 6.8200 2.5400 1.2000
v 6.8200 2.5400 1.2500
v 6.9272 2.1400 1.2500
v 6.9272 2.1400 1.2000
v 6.9272 2.1400 1.2000
v 6.9272 2.1400 1.2500
v 7.2200 1.8472 1.2500
v 7.2200 1.8472 1.2000
v 7.2200 1.8472 1.2000
v 7.2200 1.8472 1.2500
v 7.6200 1.7400 1.2500
v 7.6200 1.7400 1.2000
v 7.6200 1.7400 1.2000
v 7.6200 1.7400 1.2500
v 8.0200 1.8472 1.2500
v 8.0200 1.8472 1.2000
v 8.0200 1.8472 1.2000
v 8.0200 1.8472 1.2500
v 8.3128 2.1400 1.2500
v 8.3128 2.1400 1.2000
v 8.3128 2.1400 1.2000
v 8.3128 2.1400 1.2500
v 8.4200 2.5400 1.2500
v 8.4200 2.5400 1.2000
v 7.6200 2.5400 1.2500
v 8.4200 2.5400 1.2500
v 8.3128 2.9400 1.2500
v 7.6200 2.5400 1.2500
v 8.3128 2.9400 1.2500
v 8.0200 3.2328 1.2500
v 7.6200 2.5400 1.2500
v 8.0200 3.2328 1.2500
v 7.6200 3.3400 1.2500
v 7.6200 2.5400 1.2500
v 7.6200 3.3400 1.2500
v 7.2200 3.2328 1.2500
v 7.6200 2.5400 1.2500
v 7.2200 3.2328 1.2500
v 6.9272 2.9400 1.2500
v 7.6200 2.5400 1.2500
v 6.9272 2.9400 1.2500
v 6.8200 2.5400 1.2500
v 7.6200 2.5400 1.2500
v 6.8200 2.5400 1.2500
v 6.9272 2.1400 1.2500
v 7.6200 2.5400 1.2500
v 6.9272 2.1400 1.2500
v 7.2200 1.8472 1.2500
v 7.6200 2.5400 1.2500
v 7.2200 1.8472 1.2500
v 7.6200 1.7400 1.2500
v 7.6200 2.5400 1.2500
v 7.6200 1.7400 1.2500
v 8.0200 1.8472 1.2500
v 7.6200 2.5400 1.2500
v 8.0200 1.8472 1.2500
v 8.3128 2.1400 1.2500
v 7.6200 2.5400 1.2500
v 8.3128 2.1400 1.2500
v 8.4200 2.5400 1.2500
v 7.6200 2.5400 1.2000
v 8.3128 2.9400 1.2000
v 8.4200 2.5400 1.2000
v 7.6200 2.5400 1.2000
v 8.0200 3.2328 1.2000
v 8.3128 2.9400 1.2000
v 7.6200 2.5400 1.2000
v 7.6200 3.3400 1.2000
v 8.0200 3.2328 1.2000
v 7.6200 2.5400 1.2000
v 7.2200 3.2328 1.2000
v 7.6200 3.3400 1.2000
v 7.6200 2.5400 1.2000
v 6.9272 2.9400 1.2000
v 7.2200 3.2328 1.2000
v 7.6200 2.5400 1.2000
v 6.8200 2.5400 1.2000
v 6.9272 2.9400 1.2000
v 7.6200 2.5400 1.2000
v 6.9272 2.1400 1.2000
v 6.8200 2.5400 1.2000
v 7.6200 2.5400 1.2000
v 7.2200 1.8472 1.2000
v 6.9272 2.1400 1.2000
v 7.6200 2.5400 1.2000
v 7.6200 1.7400 1.2000
v 7.2200 1.8472 1.2000
v 7.6200 2.5400 1.2000
v 8.0200 1.8472 1.2000
v 7.6200 1.7400 1.2000
v 7.6200 2.5400 1.2000
v 8.3128 2.1400 1.2000
v 8.0200 1.8472 1.2000
v 7.6200 2.5400 1.2000
v 8.4200 2.5400 1.2000
v 8.3128 2.1400 1.2000
v 8.4200 2.5400 -0.0500
v 8.4200 2.5400 0.0000
v 8.3128 2.9400 0.0000
v 8.3128 2.9400 -0.0500
v 8.3128 2.9400 -0.0500
v 8.3128 2.9400 0.0000
v 8.0200 3.2328 0.0000
v 8.0200 3.2328 -0.0500
v 8.0200 3.2328 -0.0500
v 8.0200 3.2328 0.0000
v 7.6200 3.3400 0.0000
v 7.6200 3.3400 -0.0500
v 7.6200 3.3400 -0.0500
v 7.6200 3.3400 0.0000
v 7.2200 3.2328 0.0000
v 7.2200 3.2328 -0.0500
v 7.2200 3.2328 -0.0500
v 7.2200 3.2328 0.0000
v 6.9272 2.9400 0.0000
v 6.9272 2.9400 -0.0500
v 6.9272 2.9400 -0.0500
v 6.9272 2.9400 0.0000
v 6.8200 2.5400 0.0000
v 6.8200 2.5400 -0.0500
v 6.8200 2.5400 -0.0500
v 6.8200 2.5400 0.0000
v 6.9272 2.1400 0.0000
v 6.9272 2.1400 -0.0500
v 6.9272 2.1400 -0.0500
v 6.9272 2.1400 0.0000
v 7.2200 1.8472 0.0000
v 7.2200 1.8472 -0.0500
v 7.2200 1.8472 -0.0500
v 7.2200 1.8472 0.0000
v 7.6200 1.7400 0.0000
v 7.6200 1.7400 -0.0500
v 7.6200 1.7400 -0.0500
v 7.6200 1.7400 0.0000
v 8.0200 1.8472 0.0000
v 8.0200 1.8472 -0.0500
v 8.0200 1.8472 -0.0500
v 8.0200 1.8472 0.0000
v 8.3128 2.1400 0.0000
v 8.3128 2.1400 -0.0500
v 8.3128 2.1400 -0.0500
v 8.3128 2.1400 0.0000
v 8.4200 2.5400 0.0000
v 8.4200 2.5400 -0.0500
v 7.6200 2.5400 0.0000
v 8.4200 2.5400 0.0000
v 8.3128 2.9400 0.0000
v 7.6200 2.5400 0.0000
v 8.3128 2.9400 0.0000
v 8.0200 3.2328 0.0000
v 7.6200 2.5400 0.0000
v 8.0200 3.2328 0.0000
v 7.6200 3.3400 0.0000
v 7.6200 2.5400 0.0000
v 7.6200 3.3400 0.0000
v 7.2200 3.2328 0.0000
v 7.6200 2.5400 0.0000
v 7.2200 3.2328 0.0000
v 6.9272 2.9400 0.0000
v 7.6200 2.5400 0.0000
v 6.9272 2.9400 0.0000
v 6.8200 2.5400 0.0000
v 7.6200 2.5400 0.0000
v 6.8200 2.5400 0.0000
v 6.9272 2.1400 0.0000
v 7.6200 2.5400 0.0000
v 6.9272 2.1400 0.0000
v 7.2200 1.8472 0.0000
v 7.6200 2.5400 0.0000
v 7.2200 1.8472 0.0000
v 7.6200 1.7400 0.0000
v 7.6200 2.5400 0.0000
v 7.6200 1.7400 0.0000
v 8.0200 1.8472 0.0000
v 7.6200 2.5400 0.0000
v 8.0200 1.8472 0.0000
v 8.3128 2.1400 0.0000
v 7.6200 2.5400 0.0000
v 8.3128 2.1400 0.0000
v 8.4200 2.5400 0.0000
v 7.6200 2.5400 -0.0500
v 8.3128 2.9400 -0.0500
v 8.4200 2.5400 -0.0500
v 7.6200 2.5400 -0.0500
v 8.0200 3.2328 -0.0500
v 8.3128 2.9400 -0.0500
v 7.6200 2.5400 -0.0500
v 7.6200 3.3400 -0.0500
v 8.0200 3.2328 -0.0500
v 7.6200 2.5400 -0.0500
v 7.2200 3.2328 -0.0500
v 7.6200 3.3400 -0.0500
v 7.6200 2.5400 -0.0500
v 6.9272 2.9400 -0.0500
v 7.2200 3.2328 -0.0500
v 7.6200 2.5400 -0.0500
v 6.8200 2.5400 -0.0500
v 6.9272 2.9400 -0.0500
v 7.6200 2.5400 -0.0500
v 6.9272 2.1400 -0.0500
v 6.8200 2.5400 -0.0500
v 7.6200 2.5400 -0.0500
v 7.2200 1.8472 -0.0500
v 6.9272 2.1400 -0.0500
v 7.6200 2.5400 -0.0500
v 7.6200 1.7400 -0.0500
v 7.2200 1.8472 -0.0500
v 7.6200 2.5400 -0.0500
v 8.0200 1.8472 -0.0500
v 7.6200 1.7400 -0.0500
v 7.6200 2.5400 -0.0500
v 8.3128 2.1400 -0.0500
v 8.0200 1.8472 -0.0500
v 7.6200 2.5400 -0.0500
v 8.4200 2.5400 -0.0500
v 8.3128 2.1400 -0.0500
v 8.7000 2.0400 -0.0500
v 9.0500 2.0400 -0.0500
v 9.0500 3.0400 -0.0500
v 8.7000 3.0400 -0.0500
v 8.7000 2.0400 1.2500
v 8.7000 3.0400 1.2500
v 9.0500 3.0400 1.2500
v 9.0500 2.0400 1.2500
v 8.7000 2.0400 -0.0500
v 8.7000 2.0400 1.2500
v 9.0500 2.0400 1.2500
v 9.0500 2.0400 -0.0500
v 9.0500 3.0400 -0.0500
v 9.0500 3.0400 1.2500
v 8.7000 3.0400 1.2500
v 8.7000 3.0400 -0.0500
v 8.7000 2.0400 -0.0500
v 8.7000 3.0400 -0.0500
v 8.7000 3.0400 1.2500
v 8.7000 2.0400 1.2500
v 9.0500 2.0400 -0.0500
v 9.0500 2.0400 1.2500
v 9.0500 3.0400 1.2500
v 9.0500 3.0400 -0.0500
v -6.8200 5.0800 1.2000
v -6.8200 5.0800 1.2500
v -6.9272 5.4800 1.2500
v -6.9272 5.4800 1.2000
v -6.9272 5.4800 1.2000
v -6.9272 5.4800 1.2500
v -7.2200 5.7728 1.2500
v -7.2200 5.7728 1.2000
v -7.2200 5.7728 1.2000
v -7.2200 5.7728 1.2500
v -7.6200 5.8800 1.2500
v -7.6200 5.8800 1.2000
v -7.6200 5.8800 1.2000
v -7.6200 5.8800 1.2500
v -8.0200 5.7728 1.2500
v -8.0200 5.7728 1.2000
v -8.0200 5.7728 1.2000
v -8.0200 5.7728 1.2500
v -8.3128 5.4800 1.2500
v -8.3128 5.4800 1.2000
v -8.3128 5.4800 1.2000
v -8.3128 5.4800 1.2500
v -8.4200 5.0800 1.2500
v -8.4200 5.0800 1.2000
v -8.4200 5.0800 1.2000
v -8.4200 5.0800 1.2500
v -8.3128 4.6800 1.2500
v -8.3128 4.6800 1.2000
v -8.3128 4.6800 1.2000
v -8.3128 4.6800 1.2500
v -8.0200 4.3872 1.2500
v -8.0200 4.3872 1.2000
v -8.0200 4.3872 1.2000
v -8.0200 4.3872 1.2500
v -7.6200 4.2800 1.2500
v -7.6200 4.2800 1.2000
v -7.6200 4.2800 1.2000
v -7.6200 4.2800 1.2500
v -7.2200 4.3872 1.2500
v -7.2200 4.3872 1.2000
v -7.2200 4.3872 1.2000
v -7.2200 4.3872 1.2500
v -6.9272 4.6800 1.2500
v -6.9272 4.6800 1.2000
v -6.9272 4.6800 1.2000
v -6.9272 4.6800 1.2500
v -6.8200 5.0800 1.2500
v -6.8200 5.0800 1.2000
v -7.6200 5.0800 1.2500
v -6.8200 5.0800 1.2500
v -6.9272 5.4800 1.2500
v -7.6200 5.0800 1.2500
v -6.9272 5.4800 1.2500
v -7.2200 5.7728 1.2500
v -7.6200 5.0800 1.2500
v -7.2200 5.7728 1.2500
v -7.6200 5.8800 1.2500
v -7.6200 5.0800 1.2500
v -7.6200 5.8800 1.2500
v -8.0200 5.7728 1.2500
v -7.6200 5.0800 1.2500
v -8.0200 5.7728 1.2500
v -8.3128 5.4800 1.2500
v -7.6200 5.0800 1.2500
v -8.3128 5.4800 1.2500
v -8.4200 5.0800 1.2500
v -7.6200 5.0800 1.2500
v -8.4200 5.0800 1.2500
v -8.3128 4.6800 1.2500
v -7.6200 5.0800 1.2500
v -8.3128 4.6800 1.2500
v -8.0200 4.3872 1.2500
v -7.6200 5.0800 1.2500
v -8.0200 4.3872 1.2500
v -7.6200 4.2800 1.2500
v -7.6200 5.0800 1.2500
v -7.6200 4.2800 1.2500
v -7.2200 4.3872 1.2500
v -7.6200 5.0800 1.2500
v -7.2200 4.3872 1.2500
v -6.9272 4.6800 1.2500
v -7.6200 5.0800 1.2500
v -6.9272 4.6800 1.2500
v -6.8200 5.0800 1.2500
v -7.6200 5.0800 1.2000
v -6.9272 5.4800 1.2000
v -6.8200 5.0800 1.2000
v -7.6200 5.0800 1.2000
v -7.2200 5.7728 1.2000
v -6.9272 5.4800 1.2000
v -7.6200 5.0800 1.2000
v -7.6200 5.8800 1.2000
v -7.2200 5.7728 1.2000
v -7.6200 5.0800 1.2000
v -8.0200 5.7728 1.2000
v -7.6200 5.8800 1.2000
v -7.6200 5.0800 1.2000
v -8.3128 5.4800 1.2000
v -8.0200 5.7728 1.2000
v -7.6200 5.0800 1.2000
v -8.4200 5.0800 1.2000
v -8.3128 5.4800 1.2000
v -7.6200 5.0800 1.2000
v -8.3128 4.6800 1.2000
v -8.4200 5.0800 1.2000
v -7.6200 5.0800 1.2000
v -8.0200 4.3872 1.2000
v -8.3128 4.6800 1.2000
v -7.6200 5.0800 1.2000
v -7.6200 4.2800 1.2000
v -8.0200 4.3872 1.2000
v -7.6200 5.0800 1.2000
v -7.2200 4.3872 1.2000
v -7.6200 4.2800 1.2000
v -7.6200 5.0800 1.2000
v -6.9272 4.6800 1.2000
v -7.2200 4.3872 1.2000
v -7.6200 5.0800 1.2000
v -6.8200 5.0800 1.2000
v -6.9272 4.6800 1.2000
v -6.8200 5.0800 -0.0500
v -6.8200 5.0800 0.0000
v -6.9272 5.4800 0.0000
v -6.9272 5.4800 -0.0500
v -6.9272 5.4800 -0.0500
v -6.9272 5.4800 0.0000
v -7.2200 5.7728 0.0000
v -7.2200 5.7728 -0.0500
v -7.2200 5.7728 -0.0500
v -7.2200 5.7728 0.0000
v -7.6200 5.8800 0.0000
v -7.6200 5.8800 -0.0500
v -7.6200 5.8800 -0.0500
v -7.6200 5.8800 0.0000
v -8.0200 5.7728 0.0000
v -8.0200 5.7728 -0.0500
v -8.0200 5.7728 -0.0500
v -8.0200 5.7728 0.0000
v -8.3128 5.4800 0.0000
v -8.3128 5.4800 -0.0500
v -8.3128 5.4800 -0.0500
v -8.3128 5.4800 0.0000
v -8.4200 5.0800 0.0000
v -8.4200 5.0800 -0.0500
v -8.4200 5.0800 -0.0500
v -8.4200 5.0800 0.0000
v -8.3128 4.6800 0.0000
v -8.3128 4.6800 -0.0500
v -8.3128 4.6800 -0.0500
v -8.3128 4.6800 0.0000
v -8.0200 4.3872 0.0000
v -8.0200 4.3872 -0.0500
v -8.0200 4.3872 -0.0500
v -8.0200 4.3872 0.0000
v -7.6200 4.2800 0.0000
v -7.6200 4.2800 -0.0500
v -7.6200 4.2800 -0.0500
v -7.6200 4.2800 0.0000
v -7.2200 4.3872 0.0000
v -7.2200 4.3872 -0.0500
v -7.2200 4.3872 -0.0500
v -7.2200 4.3872 0.0000
v -6.9272 4.6800 0.0000
v -6.9272 4.6800 -0.0500
v -6.9272 4.6800 -0.0500
v -6.9272 4.6800 0.0000
v -6.8200 5.0800 0.0000
v -6.8200 5.0800 -0.0500
v -7.6200 5.0800 0.0000
v -6.8200 5.0800 0.0000
v -6.9272 5.4800 0.0000
v -7.6200 5.0800 0.0000
v -6.9272 5.4800 0.0000
v -7.2200 5.7728 0.0000
v -7.6200 5.0800 0.0000
v -7.2200 5.7728 0.0000
v -7.6200 5.8800 0.0000
v -7.6200 5.0800 0.0000
v -7.6200 5.8800 0.0000
v -8.0200 5.7728 0.0000
v -7.6200 5.0800 0.0000
v -8.0200 5.7728 0.0000
v -8.3128 5.4800 0.0000
v -7.6200 5.0800 0.0000
v -8.3128 5.4800 0.0000
v -8.4200 5.0800 0.0000
v -7.6200 5.0800 0.0000
v -8.4200 5.0800 0.0000
v -8.3128 4.6800 0.0000
v -7.6200 5.0800 0.0000
v -8.3128 4.6800 0.0000
v -8.0200 4.3872 0.0000
v -7.6200 5.0800 0.0000
v -8.0200 4.3872 0.0000
v -7.6200 4.2800 0.0000
v -7.6200 5.0800 0.0000
v -7.6200 4.2800 0.0000
v -7.2200 4.3872 0.0000
v -7.6200 5.0800 0.0000
v -7.2200 4.3872 0.0000
v -6.9272 4.6800 0.0000
v -7.6200 5.0800 0.0000
v -6.9272 4.6800 0.0000
v -6.8200 5.0800 0.0000
v -7.6200 5.0800 -0.0500
v -6.9272 5.4800 -0.0500
v -6.8200 5.0800 -0.0500
v -7.6200 5.0800 -0.0500
v -7.2200 5.7728 -0.0500
v -6.9272 5.4800 -0.0500
v -7.6200 5.0800 -0.0500
v -7.6200 5.8800 -0.0500
v -7.2200 5.7728 -0.0500
v -7.6200 5.0800 -0.0500
v -8.0200 5.7728 -0.0500
v -7.6200 5.8800 -0.0500
v -7.6200 5.0800 -0.0500
v -8.3128 5.4800 -0.0500
v -8.0200 5.7728 -0.0500
v -7.6200 5.0800 -0.0500
v -8.4200 5.0800 -0.0500
v -8.3128 5.4800 -0.0500
v -7.6200 5.0800 -0.0500
v -8.3128 4.6800 -0.0500
v -8.4200 5.0800 -0.0500
v -7.6200 5.0800 -0.0500
v -8.0200 4.3872 -0.0500
v -8.3128 4.6800 -0.0500
v -7.6200 5.0800 -0.0500
v -7.6200 4.2800 -0.0500
v -8.0200 4.3872 -0.0500
v -7.6200 5.0800 -0.0500
v -7.2200 4.3872 -0.0500
v -7.6200 4.2800 -0.0500
v -7.6200 5.0800 -0.0500
v -6.9272 4.6800 -0.0500
v -7.2200 4.3872 -0.0500
v -7.6200 5.0800 -0.0500
v -6.8200 5.0800 -0.0500
v -6.9272 4.6800 -0.0500
v -9.0500 4.5800 -0.0500
v -8.7000 4.5800 -0.0500
v -8.7000 5.5800 -0.0500
v -9.0500 5.5800 -0.0500
v -9.0500 4.5800 1.2500
v -9.0500 5.5800 1.2500
v -8.7000 5.5800 1.2500
v -8.7000 4.5800 1.2500
v -9.0500 4.5800 -0.0500
v -9.0500 4.5800 1.2500
v -8.7000 4.5800 1.2500
v -8.7000 4.5800 -0.0500
v -8.7000 5.5800 -0.0500
v -8.7000 5.5800 1.2500
v -9.0500 5.5800 1.2500
v -9.0500 5.5800 -0.0500
v -9.0500 4.5800 -0.0500
v -9.0500 5.5800 -0.0500
v -9.0500 5.5800 1.2500
v -9.0500 4.5800 1.2500
v -8.7000 4.5800 -0.0500
v -8.7000 4.5800 1.2500
v -8.7000 5.5800 1.2500
v -8.7000 5.5800 -0.0500
v 8.4200 5.0800 1.2000
v 8.4200 5.0800 1.2500
v 8.3128 5.4800 1.2500
v 8.3128 5.4800 1.2000
v 8.3128 5.4800 1.2000
v 8.3128 5.4800 1.2500
v 8.0200 5.7728 1.2500
v 8.0200 5.7728 1.2000
v 8.0200 5.7728 1.2000
v 8.0200 5.7728 1.2500
v 7.6200 5.8800 1.2500
v 7.6200 5.8800 1.2000
v 7.6200 5.8800 1.2000
v 7.6200 5.8800 1.2500
v 7.2200 5.7728 1.2500
v 7.2200 5.7728 1.2000
v 7.2200 5.7728 1.2000
v 7.2200 5.7728 1.2500
v 6.9272 5.4800 1.2500
v 6.9272 5.4800 1.2000
v 6.9272 5.4800 1.2000
v 6.9272 5.4800 1.2500
v 6.8200 5.0800 1.2500
v 6.8200 5.0800 1.2000
v 6.8200 5.0800 1.2000
v 6.8200 5.0800 1.2500
v 6.9272 4.6800 1.2500
v 6.9272 4.6800 1.2000
v 6.9272 4.6800 1.2000
v 6.9272 4.6800 1.2500
v 7.2200 4.3872 1.2500
v 7.2200 4.3872 1.2000
v 7.2200 4.3872 1.2000
v 7.2200 4.3872 1.2500
v 7.6200 4.2800 1.2500
v 7.6200 4.2800 1.2000
v 7.6200 4.2800 1.2000
v 7.6200 4.2800 1.2500
v 8.0200 4.3872 1.2500
v 8.0200 4.3872 1.2000
v 8.0200 4.3872 1.2000
v 8.0200 4.3872 1.2500
v 8.3128 4.6800 1.2500
v 8.3128 4.6800 1.2000
v 8.3128 4.6800 1.2000
v 8.3128 4.6800 1.2500
v 8.4200 5.0800 1.2500
v 8.4200 5.0800 1.2000
v 7.6200 5.0800 1.2500
v 8.4200 5.0800 1.2500
v 8.3128 5.4800 1.2500
v 7.6200 5.0800 1.2500
v 8.3128 5.4800 1.2500
v 8.0200 5.7728 1.2500
v 7.6200 5.0800 1.2500
v 8.0200 5.7728 1.2500
v 7.6200 5.8800 1.2500
v 7.6200 5.0800 1.2500
v 7.6200 5.8800 1.2500
v 7.2200 5.7728 1.2500
v 7.6200 5.0800 1.2500
v 7.2200 5.7728 1.2500
v 6.9272 5.4800 1.2500
v 7.6200 5.0800 1.2500
v 6.9272 5.4800 1.2500
v 6.8200 5.0800 1.2500
v 7.6200 5.0800 1.2500
v 6.8200 5.0800 1.2500
v 6.9272 4.6800 1.2500
v 7.6200 5.0800 1.2500
v 6.9272 4.6800 1.2500
v 7.2200 4.3872 1.2500
v 7.6200 5.0800 1.2500
v 7.2200 4.3872 1.2500
v 7.6200 4.2800 1.2500
v 7.6200 5.0800 1.2500
v 7.6200 4.2800 1.2500
v 8.0200 4.3872 1.2500
v 7.6200 5.0800 1.2500
v 8.0200 4.3872 1.2500
v 8.3128 4.6800 1.2500
v 7.6200 5.0800 1.2500
v 8.3128 4.6800 1.2500
v 8.4200 5.0800 1.2500
v 7.6200 5.0800 1.2000
v 8.3128 5.4800 1.2000
v 8.4200 5.0800 1.2000
v 7.6200 5.0800 1.2000
v 8.0200 5.7728 1.2000
v 8.3128 5.4800 1.2000
v 7.6200 5.0800 1.2000
v 7.6200 5.8800 1.2000
v 8.0200 5.7728 1.2000
v 7.6200 5.0800 1.2000
v 7.2200 5.7728 1.2000
v 7.6200 5.8800 1.2000
v 7.6200 5.0800 1.2000
v 6.9272 5.4800 1.2000
v 7.2200 5.7728 1.2000
v 7.6200 5.0800 1.2000
v 6.8200 5.0800 1.2000
v 6.9272 5.4800 1.2000
v 7.6200 5.0800 1.2000
v 6.9272 4.6800 1.2000
v 6.8200 5.0800 1.2000
v 7.6200 5.0800 1.2000
v 7.2200 4.3872 1.2000
v 6.9272 4.6800 1.2000
v 7.6200 5.0800 1.2000
v 7.6200 4.2800 1.2000
v 7.2200 4.3872 1.2000
v 7.6200 5.0800 1.2000
v 8.0200 4.3872 1.2000
v 7.6200 4.2800 1.2000
v 7.6200 5.0800 1.2000
v 8.3128 4.6800 1.2000
v 8.0200 4.3872 1.2000
v 7.6200 5.0800 1.2000
v 8.4200 5.0800 1.2000
v 8.3128 4.6800 1.2000
v 8.4200 5.0800 -0.0500
v 8.4200 5.0800 0.0000
v 8.3128 5.4800 0.0000
v 8.3128 5.4800 -0.0500
v 8.3128 5.4800 -0.0500
v 8.3128 5.4800 0.0000
v 8.0200 5.7728 0.0000
v 8.0200 5.7728 -0.0500
v 8.0200 5.7728 -0.0500
v 8.0200 5.7728 0.0000
v 7.6200 5.8800 0.0000
v 7.6200 5.8800 -0.0500
v 7.6200 5.8800 -0.0500
v 7.6200 5.8800 0.0000
v 7.2200 5.7728 0.0000
v 7.2200 5.7728 -0.0500
v 7.2200 5.7728 -0.0500
v 7.2200 5.7728 0.0000
v 6.9272 5.4800 0.0000
v 6.9272 5.4800 -0.0500
v 6.9272 5.4800 -0.0500
v 6.9272 5.4800 0.0000
v 6.8200 5.0800 0.0000
v 6.8200 5.0800 -0.0500
v 6.8200 5.0800 -0.0500
v 6.8200 5.0800 0.0000
v 6.9272 4.6800 0.0000
v 6.9272 4.6800 -0.0500
v 6.9272 4.6800 -0.0500
v 6.9272 4.6800 0.0000
v 7.2200 4.3872 0.0000
v 7.2200 4.3872 -0.0500
v 7.2200 4.3872 -0.0500
v 7.2200 4.3872 0.0000
v 7.6200 4.2800 0.0000
v 7.6200 4.2800 -0.0500
v 7.6200 4.2800 -0.0500
v 7.6200 4.2800 0.0000
v 8.0200 4.3872 0.0000
v 8.0200 4.3872 -0.0500
v 8.0200 4.3872 -0.0500
v 8.0200 4.3872 0.0000
v 8.3128 4.6800 0.0000
v 8.3128 4.6800 -0.0500
v 8.3128 4.6800 -0.0500
v 8.3128 4.6800 0.0000
v 8.4200 5.0800 0.0000
v 8.4200 5.0800 -0.0500
v 7.6200 5.0800 0.0000
v 8.4200 5.0800 0.0000
v 8.3128 5.4800 0.0000
v 7.6200 5.0800 0.0000
v 8.3128 5.4800 0.0000
v 8.0200 5.7728 0.0000
v 7.6200 5.0800 0.0000
v 8.0200 5.7728 0.0000
v 7.6200 5.8800 0.0000
v 7.6200 5.0800 0.0000
v 7.6200 5.8800 0.0000
v 7.2200 5.7728 0.0000
v 7.6200 5.0800 0.0000
v 7.2200 5.7728 0.0000
v 6.9272 5.4800 0.0000
v 7.6200 5.0800 0.0000
v 6.9272 5.4800 0.0000
v 6.8200 5.0800 0.0000
v 7.6200 5.0800 0.0000
v 6.8200 5.0800 0.0000
v 6.9272 4.6800 0.0000
v 7.6200 5.0800 0.0000
v 6.9272 4.6800 0.0000
v 7.2200 4.3872 0.0000
v 7.6200 5.0800 0.0000
v 7.2200 4.3872 0.0000
v 7.6200 4.2800 0.0000
v 7.6200 5.0800 0.0000
v 7.6200 4.2800 0.0000
v 8.0200 4.3872 0.0000
v 7.6200 5.0800 0.0000
v 8.0200 4.3872 0.0000
v 8.3128 4.6800 0.0000
v 7.6200 5.0800 0.0000
v 8.3128 4.6800 0.0000
v 8.4200 5.0800 0.0000
v 7.6200 5.0800 -0.0500
v 8.3128 5.4800 -0.0500
v 8.4200 5.0800 -0.0500
v 7.6200 5.0800 -0.0500
v 8.0200 5.7728 -0.0500
v 8.3128 5.4800 -0.0500
v 7.6200 5.0800 -0.0500
v 7.6200 5.8800 -0.0500
v 8.0200 5.7728 -0.0500
v 7.6200 5.0800 -0.0500
v 7.2200 5.7728 -0.0500
v 7.6200 5.8800 -0.0500
v 7.6200 5.0800 -0.0500
v 6.9272 5.4800 -0.0500
v 7.2200 5.7728 -0.0500
v 7.6200 5.0800 -0.0500
v 6.8200 5.0800 -0.0500
v 6.9272 5.4800 -0.0500
v 7.6200 5.0800 -0.0500
v 6.9272 4.6800 -0.0500
v 6.8200 5.0800 -0.0500
v 7.6200 5.0800 -0.0500
v 7.2200 4.3872 -0.0500
v 6.9272 4.6800 -0.0500
v 7.6200 5.0800 -0.0500
v 7.6200 4.2800 -0.0500
v 7.2200 4.3872 -0.0500
v 7.6200 5.0800 -0.0500
v 8.0200 4.3872 -0.0500
v 7.6200 4.2800 -0.0500
v 7.6200 5.0800 -0.0500
v 8.3128 4.6800 -0.0500
v 8.0200 4.3872 -0.0500
v 7.6200 5.0800 -0.0500
v 8.4200 5.0800 -0.0500
v 8.3128 4.6800 -0.0500
v 8.7000 4.5800 -0.0500
v 9.0500 4.5800 -0.0500
v 9.0500 5.5800 -0.0500
v 8.7000 5.5800 -0.0500
v 8.7000 4.5800 1.2500
v 8.7000 5.5800 1.2500
v 9.0500 5.5800 1.2500
v 9.0500 4.5800 1.2500
v 8.7000 4.5800 -0.0500
v 8.7000 4.5800 1.2500
v 9.0500 4.5800 1.2500
v 9.0500 4.5800 -0.0500
v 9.0500 5.5800 -0.0500
v 9.0500 5.5800 1.2500
v 8.7000 5.5800 1.2500
v 8.7000 5.5800 -0.0500
v 8.7000 4.5800 -0.0500
v 8.7000 5.5800 -0.0500
v 8.7000 5.5800 1.2500
v 8.7000 4.5800 1.2500
v 9.0500 4.5800 -0.0500
v 9.0500 4.5800 1.2500
v 9.0500 5.5800 1.2500
v 9.0500 5.5800 -0.0500
v -6.8200 7.6200 1.2000
v -6.8200 7.6200 1.2500
v -6.9272 8.0200 1.2500
v -6.9272 8.0200 1.2000
v -6.9272 8.0200 1.2000
v -6.9272 8.0200 1.2500
v -7.2200 8.3128 1.2500
v -7.2200 8.3128 1.2000
v -7.2200 8.3128 1.2000
v -7.2200 8.3128 1.2500
v -7.6200 8.4200 1.2500
v -7.6200 8.4200 1.2000
v -7.6200 8.4200 1.2000
v -7.6200 8.4200 1.2500
v -8.0200 8.3128 1.2500
v -8.0200 8.3128 1.2000
v -8.0200 8.3128 1.2000
v -8.0200 8.3128 1.2500
v -8.3128 8.0200 1.2500
v -8.3128 8.0200 1.2000
v -8.3128 8.0200 1.2000
v -8.3128 8.0200 1.2500
v -8.4200 7.6200 1.2500
v -8.4200 7.6200 1.2000
v -8.4200 7.6200 1.2000
v -8.4200 7.6200 1.2500
v -8.3128 7.2200 1.2500
v -8.3128 7.2200 1.2000
v -8.3128 7.2200 1.2000
v -8.3128 7.2200 1.2500
v -8.0200 6.9272 1.2500
v -8.0200 6.9272 1.2000
v -8.0200 6.9272 1.2000
v -8.0200 6.9272 1.2500
v -7.6200 6.8200 1.2500
v -7.6200 6.8200 1.2000
v -7.6200 6.8200 1.2000
v -7.6200 6.8200 1.2500
v -7.2200 6.9272 1.2500
v -7.2200 6.9272 1.2000
v -7.2200 6.9272 1.2000
v -7.2200 6.9272 1.2500
v -6.9272 7.2200 1.2500
v -6.9272 7.2200 1.2000
v -6.9272 7.2200 1.2000
v -6.9272 7.2200 1.2500
v -6.8200 7.6200 1.2500
v -6.8200 7.6200 1.2000
v -7.6200 7.6200 1.2500
v -6.8200 7.6200 1.2500
v -6.9272 8.0200 1.2500
v -7.6200 7.6200 1.2500
v -6.9272 8.0200 1.2500
v -7.2200 8.3128 1.2500
v -7.6200 7.6200 1.2500
v -7.2200 8.3128 1.2500
v -7.6200 8.4200 1.2500
v -7.6200 7.6200 1.2500
v -7.6200 8.4200 1.2500
v -8.0200 8.3128 1.2500
v -7.6200 7.6200 1.2500
v -8.0200 8.3128 1.2500
v -8.3128 8.0200 1.2500
v -7.6200 7.6200 1.2500
v -8.3128 8.0200 1.2500
v -8.4200 7.6200 1.2500
v -7.6200 7.6200 1.2500
v -8.4200 7.6200 1.2500
v -8.3128 7.2200 1.2500
v -7.6200 7.6200 1.2500
v -8.3128 7.2200 1.2500
v -8.0200 6.9272 1.2500
v -7.6200 7.6200 1.2500
v -8.0200 6.9272 1.2500
v -7.6200 6.8200 1.2500
v -7.6200 7.6200 1.2500
v -7.6200 6.8200 1.2500
v -7.2200 6.9272 1.2500
v -7.6200 7.6200 1.2500
v -7.2200 6.9272 1.2500
v -6.9272 7.2200 1.2500
v -7.6200 7.6200 1.2500
v -6.9272 7.2200 1.2500
v -6.8200 7.6200 1.2500
v -7.6200 7.6200 1.2000
v -6.9272 8.0200 1.2000
v -6.8200 7.6200 1.2000
v -7.6200 7.6200 1.2000
v -7.2200 8.3128 1.2000
v -6.9272 8.0200 1.2000
v -7.6200 7.6200 1.2000
v -7.6200 8.4200 1.2000
v -7.2200 8.3128 1.2000
v -7.6200 7.6200 1.2000
v -8.0200 8.3128 1.2000
v -7.6200 8.4200 1.2000
v -7.6200 7.6200 1.2000
v -8.3128 8.0200 1.2000
v -8.0200 8.3128 1.2000
v -7.6200 7.6200 1.2000
v -8.4200 7.6200 1.2000
v -8.3128 8.0200 1.2000
v -7.6200 7.6200 1.2000
v -8.3128 7.2200 1.2000
v -8.4200 7.6200 1.2000
v -7.6200 7.6200 1.2000
v -8.0200 6.9272 1.2000
v -8.3128 7.2200 1.2000
v -7.6200 7.6200 1.2000
v -7.6200 6.8200 1.2000
v -8.0200 6.9272 1.2000
v -7.6200 7.6200 1.2000
v -7.2200 6.9272 1.2000
v -7.6200 6.8200 1.2000
v -7.6200 7.6200 1.2000
v -6.9272 7.2200 1.2000
v -7.2200 6.9272 1.2000
v -7.6200 7.6200 1.2000
v -6.8200 7.6200 1.2000
v -6.9272 7.2200 1.2000
v -6.8200 7.6200 -0.0500
v -6.8200 7.6200 0.0000
v -6.9272 8.0200 0.0000
v -6.9272 8.0200 -0.0500
v -6.9272 8.0200 -0.0500
v -6.9272 8.0200 0.0000
v -7.2200 8.3128 0.0000
v -7.2200 8.3128 -0.0500
v -7.2200 8.3128 -0.0500
v -7.2200 8.3128 0.0000
v -7.6200 8.4200 0.0000
v -7.6200 8.4200 -0.0500
v -7.6200 8.4200 -0.0500
v -7.6200 8.4200 0.0000
v -8.0200 8.3128 0.0000
v -8.0200 8.3128 -0.0500
v -8.0200 8.3128 -0.0500
v -8.0200 8.3128 0.0000
v -8.3128 8.0200 0.0000
v -8.3128 8.0200 -0.0500
v -8.3128 8.0200 -0.0500
v -8.3128 8.0200 0.0000
v -8.4200 7.6200 0.0000
v -8.4200 7.6200 -0.0500
v -8.4200 7.6200 -0.0500
v -8.4200 7.6200 0.0000
v -8.3128 7.2200 0.0000
v -8.3128 7.2200 -0.0500
v -8.3128 7.2200 -0.0500
v -8.3128 7.2200 0.0000
v -8.0200 6.9272 0.0000
v -8.0200 6.9272 -0.0500
v -8.0200 6.9272 -0.0500
v -8.0200 6.9272 0.0000
v -7.6200 6.8200 0.0000
v -7.6200 6.8200 -0.0500
v -7.6200 6.8200 -0.0500
v -7.6200 6.8200 0.0000
v -7.2200 6.9272 0.0000
v -7.2200 6.9272 -0.0500
v -7.2200 6.9272 -0.0500
v -7.2200 6.9272 0.0000
v -6.9272 7.2200 0.0000
v -6.9272 7.2200 -0.0500
v -6.9272 7.2200 -0.0500
v -6.9272 7.2200 0.0000
v -6.8200 7.6200 0.0000
v -6.8200 7.6200 -0.0500
v -7.6200 7.6200 0.0000
v -6.8200 7.6200 0.0000
v -6.9272 8.0200 0.0000
v -7.6200 7.6200 0.0000
v -6.9272 8.0200 0.0000
v -7.2200 8.3128 0.0000
v -7.6200 7.6200 0.0000
v -7.2200 8.3128 0.0000
v -7.6200 8.4200 0.0000
v -7.6200 7.6200 0.0000
v -7.6200 8.4200 0.0000
v -8.0200 8.3128 0.0000
v -7.6200 7.6200 0.0000
v -8.0200 8.3128 0.0000
v -8.3128 8.0200 0.0000
v -7.6200 7.6200 0.0000
v -8.3128 8.0200 0.0000
v -8.4200 7.6200 0.0000
v -7.6200 7.6200 0.0000
v -8.4200 7.6200 0.0000
v -8.3128 7.2200 0.0000
v -7.6200 7.6200 0.0000
v -8.3128 7.2200 0.0000
v -8.0200 6.9272 0.0000
v -7.6200 7.6200 0.0000
v -8.0200 6.9272 0.0000
v -7.6200 6.8200 0.0000
v -7.6200 7.6200 0.0000
v -7.6200 6.8200 0.0000
v -7.2200 6.9272 0.0000
v -7.6200 7.6200 0.0000
v -7.2200 6.9272 0.0000
v -6.9272 7.2200 0.0000
v -7.6200 7.6200 0.0000
v -6.9272 7.2200 0.0000
v -6.8200 7.6200 0.0000
v -7.6200 7.6200 -0.0500
v -6.9272 8.0200 -0.0500
v -6.8200 7.6200 -0.0500
v -7.6200 7.6200 -0.0500
v -7.2200 8.3128 -0.0500
v -6.9272 8.0200 -0.0500
v -7.6200 7.6200 -0.0500
v -7.6200 8.4200 -0.0500
v -7.2200 8.3128 -0.0500
v -7.6200 7.6200 -0.0500
v -8.0200 8.3128 -0.0500
v -7.6200 8.4200 -0.0500
v -7.6200 7.6200 -0.0500
v -8.3128 8.0200 -0.0500
v -8.0200 8.3128 -0.0500
v -7.6200 7.6200 -0.0500
v -8.4200 7.6200 -0.0500
v -8.3128 8.0200 -0.0500
v -7.6200 7.6200 -0.0500
v -8.3128 7.2200 -0.0500
v -8.4200 7.6200 -0.0500
v -7.6200 7.6200 -0.0500
v -8.0200 6.9272 -0.0500
v -8.3128 7.2200 -0.0500
v -7.6200 7.6200 -0.0500
v -7.6200 6.8200 -0.0500
v -8.0200 6.9272 -0.0500
v -7.6200 7.6200 -0.0500
v -7.2200 6.9272 -0.0500
v -7.6200 6.8200 -0.0500
v -7.6200 7.6200 -0.0500
v -6.9272 7.2200 -0.0500
v -7.2200 6.9272 -0.0500
v -7.6200 7.6200 -0.0500
v -6.8200 7.6200 -0.0500
v -6.9272 7.2200 -0.0500
v -9.0500 7.1200 -0.0500
v -8.7000 7.1200 -0.0500
v -8.7000 8.1200 -0.0500
v -9.0500 8.1200 -0.0500
v -9.0500 7.1200 1.2500
v -9.0500 8.1200 1.2500
v -8.7000 8.1200 1.2500
v -8.7000 7.1200 1.2500
v -9.0500 7.1200 -0.0500
v -9.0500 7.1200 1.2500
v -8.7000 7.1200 1.2500
v -8.7000 7.1200 -0.0500
v -8.7000 8.1200 -0.0500
v -8.7000 8.1200 1.2500
v -9.0500 8.1200 1.2500
v -9.0500 8.1200 -0.0500
v -9.0500 7.1200 -0.0500
v -9.0500 8.1200 -0.0500
v -9.0500 8.1200 1.2500
v -9.0500 7.1200 1.2500
v -8.7000 7.1200 -0.0500
v -8.7000 7.1200 1.2500
v -8.7000 8.1200 1.2500
v -8.7000 8.1200 -0.0500
v 8.4200 7.6200 1.2000
v 8.4200 7.6200 1.2500
v 8.3128 8.0200 1.2500
v 8.3128 8.0200 1.2000
v 8.3128 8.0200 1.2000
v 8.3128 8.0200 1.2500
v 8.0200 8.3128 1.2500
v 8.0200 8.3128 1.2000
v 8.0200 8.3128 1.2000
v 8.0200 8.3128 1.2500
v 7.6200 8.4200 1.2500
v 7.6200 8.4200 1.2000
v 7.6200 8.4200 1.2000
v 7.6200 8.4200 1.2500
v 7.2200 8.3128 1.2500
v 7.2200 8.3128 1.2000
v 7.2200 8.3128 1.2000
v 7.2200 8.3128 1.2500
v 6.9272 8.0200 1.2500
v 6.9272 8.0200 1.2000
v 6.9272 8.0200 1.2000
v 6.9272 8.0200 1.2500
v 6.8200 7.6200 1.2500
v 6.8200 7.6200 1.2000
v 6.8200 7.6200 1.2000
v 6.8200 7.6200 1.2500
v 6.9272 7.2200 1.2500
v 6.9272 7.2200 1.2000
v 6.9272 7.2200 1.2000
v 6.9272 7.2200 1.2500
v 7.2200 6.9272 1.2500
v 7.2200 6.9272 1.2000
v 7.2200 6.9272 1.2000
v 7.2200 6.9272 1.2500
v 7.6200 6.8200 1.2500
v 7.6200 6.8200 1.2000
v 7.6200 6.8200 1.2000
v 7.6200 6.8200 1.2500
v 8.0200 6.9272 1.2500
v 8.0200 6.9272 1.2000
v 8.0200 6.9272 1.2000
v 8.0200 6.9272 1.2500
v 8.3128 7.2200 1.2500
v 8.3128 7.2200 1.2000
v 8.3128 7.2200 1.2000
v 8.3128 7.2200 1.2500
v 8.4200 7.6200 1.2500
v 8.4200 7.6200 1.2000
v 7.6200 7.6200 1.2500
v 8.4200 7.6200 1.2500
v 8.3128 8.0200 1.2500
v 7.6200 7.6200 1.2500
v 8.3128 8.0200 1.2500
v 8.0200 8.3128 1.2500
v 7.6200 7.6200 1.2500
v 8.0200 8.3128 1.2500
v 7.6200 8.4200 1.2500
v 7.6200 7.6200 1.2500
v 7.6200 8.4200 1.2500
v 7.2200 8.3128 1.2500
v 7.6200 7.6200 1.2500
v 7.2200 8.3128 1.2500
v 6.9272 8.0200 1.2500
v 7.6200 7.6200 1.2500
v 6.9272 8.0200 1.2500
v 6.8200 7.6200 1.2500
v 7.6200 7.6200 1.2500
v 6.8200 7.6200 1.2500
v 6.9272 7.2200 1.2500
v 7.6200 7.6200 1.2500
v 6.9272 7.2200 1.2500
v 7.2200 6.9272 1.2500
v 7.6200 7.6200 1.2500
v 7.2200 6.9272 1.2500
v 7.6200 6.8200 1.2500
v 7.6200 7.6200 1.2500
v 7.6200 6.8200 1.2500
v 8.0200 6.9272 1.2500
v 7.6200 7.6200 1.2500
v 8.0200 6.9272 1.2500
v 8.3128 7.2200 1.2500
v 7.6200 7.6200 1.2500
v 8.3128 7.2200 1.2500
v 8.4200 7.6200 1.2500
v 7.6200 7.6200 1.2000
v 8.3128 8.0200 1.2000
v 8.4200 7.6200 1.2000
v 7.6200 7.6200 1.2000
v 8.0200 8.3128 1.2000
v 8.3128 8.0200 1.2000
v 7.6200 7.6200 1.2000
v 7.6200 8.4200 1.2000
v 8.0200 8.3128 1.2000
v 7.6200 7.6200 1.2000
v 7.2200 8.3128 1.2000
v 7.6200 8.4200 1.2000
v 7.6200 7.6200 1.2000
v 6.9272 8.0200 1.2000
v 7.2200 8.3128 1.2000
v 7.6200 7.6200 1.2000
v 6.8200 7.6200 1.2000
v 6.9272 8.0200 1.2000
v 7.6200 7.6200 1.2000
v 6.9272 7.2200 1.2000
v 6.8200 7.6200 1.2000
v 7.6200 7.6200 1.2000
v 7.2200 6.9272 1.2000
v 6.9272 7.2200 1.2000
v 7.6200 7.6200 1.2000
v 7.6200 6.8200 1.2000
v 7.2200 6.9272 1.2000
v 7.6200 7.6200 1.2000
v 8.0200 6.9272 1.2000
v 7.6200 6.8200 1.2000
v 7.6200 7.6200 1.2000
v 8.3128 7.2200 1.2000
v 8.0200 6.9272 1.2000
v 7.6200 7.6200 1.2000
v 8.4200 7.6200 1.2000
v 8.3128 7.2200 1.2000
v 8.4200 7.6200 -0.0500
v 8.4200 7.6200 0.0000
v 8.3128 8.0200 0.0000
v 8.3128 8.0200 -0.0500
v 8.3128 8.0200 -0.0500
v 8.3128 8.0200 0.0000
v 8.0200 8.3128 0.0000
v 8.0200 8.3128 -0.0500
v 8.0200 8.3128 -0.0500
v 8.0200 8.3128 0.0000
v 7.6200 8.4200 0.0000
v 7.6200 8.4200 -0.0500
v 7.6200 8.4200 -0.0500
v 7.6200 8.4200 0.0000
v 7.2200 8.3128 0.0000
v 7.2200 8.3128 -0.0500
v 7.2200 8.3128 -0.0500
v 7.2200 8.3128 0.0000
v 6.9272 8.0200 0.0000
v 6.9272 8.0200 -0.0500
v 6.9272 8.0200 -0.0500
v 6.9272 8.0200 0.0000
v 6.8200 7.6200 0.0000
v 6.8200 7.6200 -0.0500
v 6.8200 7.6200 -0.0500
v 6.8200 7.6200 0.0000
v 6.9272 7.2200 0.0000
v 6.9272 7.2200 -0.0500
v 6.9272 7.2200 -0.0500
v 6.9272 7.2200 0.0000
v 7.2200 6.9272 0.0000
v 7.2200 6.9272 -0.0500
v 7.2200 6.9272 -0.0500
v 7.2200 6.9272 0.0000
v 7.6200 6.8200 0.0000
v 7.6200 6.8200 -0.0500
v 7.6200 6.8200 -0.0500
v 7.6200 6.8200 0.0000
v 8.0200 6.9272 0.0000
v 8.0200 6.9272 -0.0500
v 8.0200 6.9272 -0.0500
v 8.0200 6.9272 0.0000
v 8.3128 7.2200 0.0000
v 8.3128 7.2200 -0.0500
v 8.3128 7.2200 -0.0500
v 8.3128 7.2200 0.0000
v 8.4200 7.6200 0.0000
v 8.4200 7.6200 -0.0500
v 7.6200 7.6200 0.0000
v 8.4200 7.6200 0.0000
v 8.3128 8.0200 0.0000
v 7.6200 7.6200 0.0000
v 8.3128 8.0200 0.0000
v 8.0200 8.3128 0.0000
v 7.6200 7.6200 0.0000
v 8.0200 8.3128 0.0000
v 7.6200 8.4200 0.0000
v 7.6200 7.6200 0.0000
v 7.6200 8.4200 0.0000
v 7.2200 8.3128 0.0000
v 7.6200 7.6200 0.0000
v 7.2200 8.3128 0.0000
v 6.9272 8.0200 0.0000
v 7.6200 7.6200 0.0000
v 6.9272 8.0200 0.0000
v 6.8200 7.6200 0.0000
v 7.6200 7.6200 0.0000
v 6.8200 7.6200 0.0000
v 6.9272 7.2200 0.0000
v 7.6200 7.6200 0.0000
v 6.9272 7.2200 0.0000
v 7.2200 6.9272 0.0000
v 7.6200 7.6200 0.0000
v 7.2200 6.9272 0.0000
v 7.6200 6.8200 0.0000
v 7.6200 7.6200 0.0000
v 7.6200 6.8200 0.0000
v 8.0200 6.9272 0.0000
v 7.6200 7.6200 0.0000
v 8.0200 6.9272 0.0000
v 8.3128 7.2200 0.0000
v 7.6200 7.6200 0.0000
v 8.3128 7.2200 0.0000
v 8.4200 7.6200 0.0000
v 7.6200 7.6200 -0.0500
v 8.3128 8.0200 -0.0500
v 8.4200 7.6200 -0.0500
v 7.6200 7.6200 -0.0500
v 8.0200 8.3128 -0.0500
v 8.3128 8.0200 -0.0500
v 7.6200 7.6200 -0.0500
v 7.6200 8.4200 -0.0500
v 8.0200 8.3128 -0.0500
v 7.6200 7.6200 -0.0500
v 7.2200 8.3128 -0.0500
v 7.6200 8.4200 -0.0500
v 7.6200 7.6200 -0.0500
v 6.9272 8.0200 -0.0500
v 7.2200 8.3128 -0.0500
v 7.6200 7.6200 -0.0500
v 6.8200 7.6200 -0.0500
v 6.9272 8.0200 -0.0500
v 7.6200 7.6200 -0.0500
v 6.9272 7.2200 -0.0500
v 6.8200 7.6200 -0.0500
v 7.6200 7.6200 -0.0500
v 7.2200 6.9272 -0.0500
v 6.9272 7.2200 -0.0500
v 7.6200 7.6200 -0.0500
v 7.6200 6.8200 -0.0500
v 7.2200 6.9272 -0.0500
v 7.6200 7.6200 -0.0500
v 8.0200 6.9272 -0.0500
v 7.6200 6.8200 -0.0500
v 7.6200 7.6200 -0.0500
v 8.3128 7.2200 -0.0500
v 8.0200 6.9272 -0.0500
v 7.6200 7.6200 -0.0500
v 8.4200 7.6200 -0.0500
v 8.3128 7.2200 -0.0500
v 8.7000 7.1200 -0.0500
v 9.0500 7.1200 -0.0500
v 9.0500 8.1200 -0.0500
v 8.7000 8.1200 -0.0500
v 8.7000 7.1200 1.2500
v 8.7000 8.1200 1.2500
v 9.0500 8.1200 1.2500
v 9.0500 7.1200 1.2500
v 8.7000 7.1200 -0.0500
v 8.7000 7.1200 1.2500
v 9.0500 7.1200 1.2500
v 9.0500 7.1200 -0.0500
v 9.0500 8.1200 -0.0500
v 9.0500 8.1200 1.2500
v 8.7000 8.1200 1.2500
v 8.7000 8.1200 -0.0500
v 8.7000 7.1200 -0.0500
v 8.7000 8.1200 -0.0500
v 8.7000 8.1200 1.2500
v 8.7000 7.1200 1.2500
v 9.0500 7.1200 -0.0500
v 9.0500 7.1200 1.2500
v 9.0500 8.1200 1.2500
v 9.0500 8.1200 -0.0500
v -6.8200 10.1600 1.2000
v -6.8200 10.1600 1.2500
v -6.9272 10.5600 1.2500
v -6.9272 10.5600 1.2000
v -6.9272 10.5600 1.2000
v -6.9272 10.5600 1.2500
v -7.2200 10.8528 1.2500
v -7.2200 10.8528 1.2000
v -7.2200 10.8528 1.2000
v -7.2200 10.8528 1.2500
v -7.6200 10.9600 1.2500
v -7.6200 10.9600 1.2000
v -7.6200 10.9600 1.2000
v -7.6200 10.9600 1.2500
v -8.0200 10.8528 1.2500
v -8.0200 10.8528 1.2000
v -8.0200 10.8528 1.2000
v -8.0200 10.8528 1.2500
v -8.3128 10.5600 1.2500
v -8.3128 10.5600 1.2000
v -8.3128 10.5600 1.2000
v -8.3128 10.5600 1.2500
v -8.4200 10.1600 1.2500
v -8.4200 10.1600 1.2000
v -8.4200 10.1600 1.2000
v -8.4200 10.1600 1.2500
v -8.3128 9.7600 1.2500
v -8.3128 9.7600 1.2000
v -8.3128 9.7600 1.2000
v -8.3128 9.7600 1.2500
v -8.0200 9.4672 1.2500
v -8.0200 9.4672 1.2000
v -8.0200 9.4672 1.2000
v -8.0200 9.4672 1.2500
v -7.6200 9.3600 1.2500
v -7.6200 9.3600 1.2000
v -7.6200 9.3600 1.2000
v -7.6200 9.3600 1.2500
v -7.2200 9.4672 1.2500
v -7.2200 9.4672 1.2000
v -7.2200 9.4672 1.2000
v -7.2200 9.4672 1.2500
v -6.9272 9.7600 1.2500
v -6.9272 9.7600 1.2000
v -6.9272 9.7600 1.2000
v -6.9272 9.7600 1.2500
v -6.8200 10.1600 1.2500
v -6.8200 10.1600 1.2000
v -7.6200 10.1600 1.2500
v -6.8200 10.1600 1.2500
v -6.9272 10.5600 1.2500
v -7.6200 10.1600 1.2500
v -6.9272 10.5600 1.2500
v -7.2200 10.8528 1.2500
v -7.6200 10.1600 1.2500
v -7.2200 10.8528 1.2500
v -7.6200 10.9600 1.2500
v -7.6200 10.1600 1.2500
v -7.6200 10.9600 1.2500
v -8.0200 10.8528 1.2500
v -7.6200 10.1600 1.2500
v -8.0200 10.8528 1.2500
v -8.3128 10.5600 1.2500
v -7.6200 10.1600 1.2500
v -8.3128 10.5600 1.2500
v -8.4200 10.1600 1.2500
v -7.6200 10.1600 1.2500
v -8.4200 10.1600 1.2500
v -8.3128 9.7600 1.2500
v -7.6200 10.1600 1.2500
v -8.3128 9.7600 1.2500
v -8.0200 9.4672 1.2500
v -7.6200 10.1600 1.2500
v -8.0200 9.4672 1.2500
v -7.6200 9.3600 1.2500
v -7.6200 10.1600 1.2500
v -7.6200 9.3600 1.2500
v -7.2200 9.4672 1.2500
v -7.6200 10.1600 1.2500
v -7.2200 9.4672 1.2500
v -6.9272 9.7600 1.2500
v -7.6200 10.1600 1.2500
v -6.9272 9.7600 1.2500
v -6.8200 10.1600 1.2500
v -7.6200 10.1600 1.2000
v -6.9272 10.5600 1.2000
v -6.8200 10.1600 1.2000
v -7.6200 10.1600 1.2000
v -7.2200 10.8528 1.2000
v -6.9272 10.5600 1.2000
v -7.6200 10.1600 1.2000
v -7.6200 10.9600 1.2000
v -7.2200 10.8528 1.2000
v -7.6200 10.1600 1.2000
v -8.0200 10.8528 1.2000
v -7.6200 10.9600 1.2000
v -7.6200 10.1600 1.2000
v -8.3128 10.5600 1.2000
v -8.0200 10.8528 1.2000
v -7.6200 10.1600 1.2000
v -8.4200 10.1600 1.2000
v -8.3128 10.5600 1.2000
v -7.6200 10.1600 1.2000
v -8.3128 9.7600 1.2000
v -8.4200 10.1600 1.2000
v -7.6200 10.1600 1.2000
v -8.0200 9.4672 1.2000
v -8.3128 9.7600 1.2000
v -7.6200 10.1600 1.2000
v -7.6200 9.3600 1.2000
v -8.0200 9.4672 1.2000
v -7.6200 10.1600 1.2000
v -7.2200 9.4672 1.2000
v -7.6200 9.3600 1.2000
v -7.6200 10.1600 1.2000
v -6.9272 9.7600 1.2000
v -7.2200 9.4672 1.2000
v -7.6200 10.1600 1.2000
v -6.8200 10.1600 1.2000
v -6.9272 9.7600 1.2000
v -6.8200 10.1600 -0.0500
v -6.8200 10.1600 0.0000
v -6.9272 10.5600 0.0000
v -6.9272 10.5600 -0.0500
v -6.9272 10.5600 -0.0500
v -6.9272 10.5600 0.0000
v -7.2200 10.8528 0.0000
v -7.2200 10.8528 -0.0500
v -7.2200 10.8528 -0.0500
v -7.2200 10.8528 0.0000
v -7.6200 10.9600 0.0000
v -7.6200 10.9600 -0.0500
v -7.6200 10.9600 -0.0500
v -7.6200 10.9600 0.0000
v -8.0200 10.8528 0.0000
v -8.0200 10.8528 -0.0500
v -8.0200 10.8528 -0.0500
v -8.0200 10.8528 0.0000
v -8.3128 10.5600 0.0000
v -8.3128 10.5600 -0.0500
v -8.3128 10.5600 -0.0500
v -8.3128 10.5600 0.0000
v -8.4200 10.1600 0.0000
v -8.4200 10.1600 -0.0500
v -8.4200 10.1600 -0.0500
v -8.4200 10.1600 0.0000
v -8.3128 9.7600 0.0000
v -8.3128 9.7600 -0.0500
v -8.3128 9.7600 -0.0500
v -8.3128 9.7600 0.0000
v -8.0200 9.4672 0.0000
v -8.0200 9.4672 -0.0500
v -8.0200 9.4672 -0.0500
v -8.0200 9.4672 0.0000
v -7.6200 9.3600 0.0000
v -7.6200 9.3600 -0.0500
v -7.6200 9.3600 -0.0500
v -7.6200 9.3600 0.0000
v -7.2200 9.4672 0.0000
v -7.2200 9.4672 -0.0500
v -7.2200 9.4672 -0.0500
v -7.2200 9.4672 0.0000
v -6.9272 9.7600 0.0000
v -6.9272 9.7600 -0.0500
v -6.9272 9.7600 -0.0500
v -6.9272 9.7600 0.0000
v -6.8200 10.1600 0.0000
v -6.8200 10.1600 -0.0500
v -7.6200 10.1600 0.0000
v -6.8200 10.1600 0.0000
v -6.9272 10.5600 0.0000
v -7.6200 10.1600 0.0000
v -6.9272 10.5600 0.0000
v -7.2200 10.8528 0.0000
v -7.6200 10.1600 0.0000
v -7.2200 10.8528 0.0000
v -7.6200 10.9600 0.0000
v -7.6200 10.1600 0.0000
v -7.6200 10.9600 0.0000
v -8.0200 10.8528 0.0000
v -7.6200 10.1600 0.0000
v -8.0200 10.8528 0.0000
v -8.3128 10.5600 0.0000
v -7.6200 10.1600 0.0000
v -8.3128 10.5600 0.0000
v -8.4200 10.1600 0.0000
v -7.6200 10.1600 0.0000
v -8.4200 10.1600 0.0000
v -8.3128 9.7600 0.0000
v -7.6200 10.1600 0.0000
v -8.3128 9.7600 0.0000
v -8.0200 9.4672 0.0000
v -7.6200 10.1600 0.0000
v -8.0200 9.4672 0.0000
v -7.6200 9.3600 0.0000
v -7.6200 10.1600 0.0000
v -7.6200 9.3600 0.0000
v -7.2200 9.4672 0.0000
v -7.6200 10.1600 0.0000
v -7.2200 9.4672 0.0000
v -6.9272 9.7600 0.0000
v -7.6200 10.1600 0.0000
v -6.9272 9.7600 0.0000
v -6.8200 10.1600 0.0000
v -7.6200 10.1600 -0.0500
v -6.9272 10.5600 -0.0500
v -6.8200 10.1600 -0.0500
v -7.6200 10.1600 -0.0500
v -7.2200 10.8528 -0.0500
v -6.9272 10.5600 -0.0500
v -7.6200 10.1600 -0.0500
v -7.6200 10.9600 -0.0500
v -7.2200 10.8528 -0.0500
v -7.6200 10.1600 -0.0500
v -8.0200 10.8528 -0.0500
v -7.6200 10.9600 -0.0500
v -7.6200 10.1600 -0.0500
v -8.3128 10.5600 -0.0500
v -8.0200 10.8528 -0.0500
v -7.6200 10.1600 -0.0500
v -8.4200 10.1600 -0.0500
v -8.3128 10.5600 -0.0500
v -7.6200 10.1600 -0.0500
v -8.3128 9.7600 -0.0500
v -8.4200 10.1600 -0.0500
v -7.6200 10.1600 -0.0500
v -8.0200 9.4672 -0.0500
v -8.3128 9.7600 -0.0500
v -7.6200 10.1600 -0.0500
v -7.6200 9.3600 -0.0500
v -8.0200 9.4672 -0.0500
v -7.6200 10.1600 -0.0500
v -7.2200 9.4672 -0.0500
v -7.6200 9.3600 -0.0500
v -7.6200 10.1600 -0.0500
v -6.9272 9.7600 -0.0500
v -7.2200 9.4672 -0.0500
v -7.6200 10.1600 -0.0500
v -6.8200 10.1600 -0.0500
v -6.9272 9.7600 -0.0500
v -9.0500 9.6600 -0.0500
v -8.7000 9.6600 -0.0500
v -8.7000 10.6600 -0.0500
v -9.0500 10.6600 -0.0500
v -9.0500 9.6600 1.2500
v -9.0500 10.6600 1.2500
v -8.7000 10.6600 1.2500
v -8.7000 9.6600 1.2500
v -9.0500 9.6600 -0.0500
v -9.0500 9.6600 1.2500
v -8.7000 9.6600 1.2500
v -8.7000 9.6600 -0.0500
v -8.7000 10.6600 -0.0500
v -8.7000 10.6600 1.2500
v -9.0500 10.6600 1.2500
v -9.0500 10.6600 -0.0500
v -9.0500 9.6600 -0.0500
v -9.0500 10.6600 -0.0500
v -9.0500 10.6600 1.2500
v -9.0500 9.6600 1.2500
v -8.7000 9.6600 -0.0500
v -8.7000 9.6600 1.2500
v -8.7000 10.6600 1.2500
v -8.7000 10.6600 -0.0500
v 8.4200 10.1600 1.2000
v 8.4200 10.1600 1.2500
v 8.3128 10.5600 1.2500
v 8.3128 10.5600 1.2000
v 8.3128 10.5600 1.2000
v 8.3128 10.5600 1.2500
v 8.0200 10.8528 1.2500
v 8.0200 10.8528 1.2000
v 8.0200 10.8528 1.2000
v 8.0200 10.8528 1.2500
v 7.6200 10.9600 1.2500
v 7.6200 10.9600 1.2000
v 7.6200 10.9600 1.2000
v 7.6200 10.9600 1.2500
v 7.2200 10.8528 1.2500
v 7.2200 10.8528 1.2000
v 7.2200 10.8528 1.2000
v 7.2200 10.8528 1.2500
v 6.9272 10.5600 1.2500
v 6.9272 10.5600 1.2000
v 6.9272 10.5600 1.2000
v 6.9272 10.5600 1.2500
v 6.8200 10.1600 1.2500
v 6.8200 10.1600 1.2000
v 6.8200 10.1600 1.2000
v 6.8200 10.1600 1.2500
v 6.9272 9.7600 1.2500
v 6.9272 9.7600 1.2000
v 6.9272 9.7600 1.2000
v 6.9272 9.7600 1.2500
v 7.2200 9.4672 1.2500
v 7.2200 9.4672 1.2000
v 7.2200 9.4672 1.2000
v 7.2200 9.4672 1.2500
v 7.6200 9.3600 1.2500
v 7.6200 9.3600 1.2000
v 7.6200 9.3600 1.2000
v 7.6200 9.3600 1.2500
v 8.0200 9.4672 1.2500
v 8.0200 9.4672 1.2000
v 8.0200 9.4672 1.2000
v 8.0200 9.4672 1.2500
v 8.3128 9.7600 1.2500
v 8.3128 9.7600 1.2000
v 8.3128 9.7600 1.2000
v 8.3128 9.7600 1.2500
v 8.4200 10.1600 1.2500
v 8.4200 10.1600 1.2000
v 7.6200 10.1600 1.2500
v 8.4200 10.1600 1.2500
v 8.3128 10.5600 1.2500
v 7.6200 10.1600 1.2500
v 8.3128 10.5600 1.2500
v 8.0200 10.8528 1.2500
v 7.6200 10.1600 1.2500
v 8.0200 10.8528 1.2500
v 7.6200 10.9600 1.2500
v 7.6200 10.1600 1.2500
v 7.6200 10.9600 1.2500
v 7.2200 10.8528 1.2500
v 7.6200 10.1600 1.2500
v 7.2200 10.8528 1.2500
v 6.9272 10.5600 1.2500
v 7.6200 10.1600 1.2500
v 6.9272 10.5600 1.2500
v 6.8200 10.1600 1.2500
v 7.6200 10.1600 1.2500
v 6.8200 10.1600 1.2500
v 6.9272 9.7600 1.2500
v 7.6200 10.1600 1.2500
v 6.9272 9.7600 1.2500
v 7.2200 9.4672 1.2500
v 7.6200 10.1600 1.2500
v 7.2200 9.4672 1.2500
v 7.6200 9.3600 1.2500
v 7.6200 10.1600 1.2500
v 7.6200 9.3600 1.2500
v 8.0200 9.4672 1.2500
v 7.6200 10.1600 1.2500
v 8.0200 9.4672 1.2500
v 8.3128 9.7600 1.2500
v 7.6200 10.1600 1.2500
v 8.3128 9.7600 1.2500
v 8.4200 10.1600 1.2500
v 7.6200 10.1600 1.2000
v 8.3128 10.5600 1.2000
v 8.4200 10.1600 1.2000
v 7.6200 10.1600 1.2000
v 8.0200 10.8528 1.2000
v 8.3128 10.5600 1.2000
v 7.6200 10.1600 1.2000
v 7.6200 10.9600 1.2000
v 8.0200 10.8528 1.2000
v 7.6200 10.1600 1.2000
v 7.2200 10.8528 1.2000
v 7.6200 10.9600 1.2000
v 7.6200 10.1600 1.2000
v 6.9272 10.5600 1.2000
v 7.2200 10.8528 1.2000
v 7.6200 10.1600 1.2000
v 6.8200 10.1600 1.2000
v 6.9272 10.5600 1.2000
v 7.6200 10.1600 1.2000
v 6.9272 9.7600 1.2000
v 6.8200 10.1600 1.2000
v 7.6200 10.1600 1.2000
v 7.2200 9.4672 1.2000
v 6.9272 9.7600 1.2000
v 7.6200 10.1600 1.2000
v 7.6200 9.3600 1.2000
v 7.2200 9.4672 1.2000
v 7.6200 10.1600 1.2000
v 8.0200 9.4672 1.2000
v 7.6200 9.3600 1.2000
v 7.6200 10.1600 1.2000
v 8.3128 9.7600 1.2000
v 8.0200 9.4672 1.2000
v 7.6200 10.1600 1.2000
v 8.4200 10.1600 1.2000
v 8.3128 9.7600 1.2000
v 8.4200 10.1600 -0.0500
v 8.4200 10.1600 0.0000
v 8.3128 10.5600 0.0000
v 8.3128 10.5600 -0.0500
v 8.3128 10.5600 -0.0500
v 8.3128 10.5600 0.0000
v 8.0200 10.8528 0.0000
v 8.0200 10.8528 -0.0500
v 8.0200 10.8528 -0.0500
v 8.0200 10.8528 0.0000
v 7.6200 10.9600 0.0000
v 7.6200 10.9600 -0.0500
v 7.6200 10.9600 -0.0500
v 7.6200 10.9600 0.0000
v 7.2200 10.8528 0.0000
v 7.2200 10.8528 -0.0500
v 7.2200 10.8528 -0.0500
v 7.2200 10.8528 0.0000
v 6.9272 10.5600 0.0000
v 6.9272 10.5600 -0.0500
v 6.9272 10.5600 -0.0500
v 6.9272 10.5600 0.0000
v 6.8200 10.1600 0.0000
v 6.8200 10.1600 -0.0500
v 6.8200 10.1600 -0.0500
v 6.8200 10.1600 0.0000
v 6.9272 9.7600 0.0000
v 6.9272 9.7600 -0.0500
v 6.9272 9.7600 -0.0500
v 6.9272 9.7600 0.0000
v 7.2200 9.4672 0.0000
v 7.2200 9.4672 -0.0500
v 7.2200 9.4672 -0.0500
v 7.2200 9.4672 0.0000
v 7.6200 9.3600 0.0000
v 7.6200 9.3600 -0.0500
v 7.6200 9.3600 -0.0500
v 7.6200 9.3600 0.0000
v 8.0200 9.4672 0.0000
v 8.0200 9.4672 -0.0500
v 8.0200 9.4672 -0.0500
v 8.0200 9.4672 0.0000
v 8.3128 9.7600 0.0000
v 8.3128 9.7600 -0.0500
v 8.3128 9.7600 -0.0500
v 8.3128 9.7600 0.0000
v 8.4200 10.1600 0.0000
v 8.4200 10.1600 -0.0500
v 7.6200 10.1600 0.0000
v 8.4200 10.1600 0.0000
v 8.3128 10.5600 0.0000
v 7.6200 10.1600 0.0000
v 8.3128 10.5600 0.0000
v 8.0200 10.8528 0.0000
v 7.6200 10.1600 0.0000
v 8.0200 10.8528 0.0000
v 7.6200 10.9600 0.0000
v 7.6200 10.1600 0.0000
v 7.6200 10.9600 0.0000
v 7.2200 10.8528 0.0000
v 7.6200 10.1600 0.0000
v 7.2200 10.8528 0.0000
v 6.9272 10.5600 0.0000
v 7.6200 10.1600 0.0000
v 6.9272 10.5600 0.0000
v 6.8200 10.1600 0.0000
v 7.6200 10.1600 0.0000
v 6.8200 10.1600 0.0000
v 6.9272 9.7600 0.0000
v 7.6200 10.1600 0.0000
v 6.9272 9.7600 0.0000
v 7.2200 9.4672 0.0000
v 7.6200 10.1600 0.0000
v 7.2200 9.4672 0.0000
v 7.6200 9.3600 0.0000
v 7.6200 10.1600 0.0000
v 7.6200 9.3600 0.0000
v 8.0200 9.4672 0.0000
v 7.6200 10.1600 0.0000
v 8.0200 9.4672 0.0000
v 8.3128 9.7600 0.0000
v 7.6200 10.1600 0.0000
v 8.3128 9.7600 0.0000
v 8.4200 10.1600 0.0000
v 7.6200 10.1600 -0.0500
v 8.3128 10.5600 -0.0500
v 8.4200 10.1600 -0.0500
v 7.6200 10.1600 -0.0500
v 8.0200 10.8528 -0.0500
v 8.3128 10.5600 -0.0500
v 7.6200 10.1600 -0.0500
v 7.6200 10.9600 -0.0500
v 8.0200 10.8528 -0.0500
v 7.6200 10.1600 -0.0500
v 7.2200 10.8528 -0.0500
v 7.6200 10.9600 -0.0500
v 7.6200 10.1600 -0.0500
v 6.9272 10.5600 -0.0500
v 7.2200 10.8528 -0.0500
v 7.6200 10.1600 -0.0500
v 6.8200 10.1600 -0.0500
v 6.9272 10.5600 -0.0500
v 7.6200 10.1600 -0.0500
v 6.9272 9.7600 -0.0500
v 6.8200 10.1600 -0.0500
v 7.6200 10.1600 -0.0500
v 7.2200 9.4672 -0.0500
v 6.9272 9.7600 -0.0500
v 7.6200 10.1600 -0.0500
v 7.6200 9.3600 -0.0500
v 7.2200 9.4672 -0.0500
v 7.6200 10.1600 -0.0500
v 8.0200 9.4672 -0.0500
v 7.6200 9.3600 -0.0500
v 7.6200 10.1600 -0.0500
v 8.3128 9.7600 -0.0500
v 8.0200 9.4672 -0.0500
v 7.6200 10.1600 -0.0500
v 8.4200 10.1600 -0.0500
v 8.3128 9.7600 -0.0500
v 8.7000 9.6600 -0.0500
v 9.0500 9.6600 -0.0500
v 9.0500 10.6600 -0.0500
v 8.7000 10.6600 -0.0500
v 8.7000 9.6600 1.2500
v 8.7000 10.6600 1.2500
v 9.0500 10.6600 1.2500
v 9.0500 9.6600 1.2500
v 8.7000 9.6600 -0.0500
v 8.7000 9.6600 1.2500
v 9.0500 9.6600 1.2500
v 9.0500 9.6600 -0.0500
v 9.0500 10.6600 -0.0500
v 9.0500 10.6600 1.2500
v 8.7000 10.6600 1.2500
v 8.7000 10.6600 -0.0500
v 8.7000 9.6600 -0.0500
v 8.7000 10.6600 -0.0500
v 8.7000 10.6600 1.2500
v 8.7000 9.6600 1.2500
v 9.0500 9.6600 -0.0500
v 9.0500 9.6600 1.2500
v 9.0500 10.6600 1.2500
v 9.0500 10.6600 -0.0500
v -6.8200 12.7000 1.2000
v -6.8200 12.7000 1.2500
v -6.9272 13.1000 1.2500
v -6.9272 13.1000 1.2000
v -6.9272 13.1000 1.2000
v -6.9272 13.1000 1.2500
v -7.2200 13.3928 1.2500
v -7.2200 13.3928 1.2000
v -7.2200 13.3928 1.2000
v -7.2200 13.3928 1.2500
v -7.6200 13.5000 1.2500
v -7.6200 13.5000 1.2000
v -7.6200 13.5000 1.2000
v -7.6200 13.5000 1.2500
v -8.0200 13.3928 1.2500
v -8.0200 13.3928 1.2000
v -8.0200 13.3928 1.2000
v -8.0200 13.3928 1.2500
v -8.3128 13.1000 1.2500
v -8.3128 13.1000 1.2000
v -8.3128 13.1000 1.2000
v -8.3128 13.1000 1.2500
v -8.4200 12.7000 1.2500
v -8.4200 12.7000 1.2000
v -8.4200 12.7000 1.2000
v -8.4200 12.7000 1.2500
v -8.3128 12.3000 1.2500
v -8.3128 12.3000 1.2000
v -8.3128 12.3000 1.2000
v -8.3128 12.3000 1.2500
v -8.0200 12.0072 1.2500
v -8.0200 12.0072 1.2000
v -8.0200 12.0072 1.2000
v -8.0200 12.0072 1.2500
v -7.6200 11.9000 1.2500
v -7.6200 11.9000 1.2000
v -7.6200 11.9000 1.2000
v -7.6200 11.9000 1.2500
v -7.2200 12.0072 1.2500
v -7.2200 12.0072 1.2000
v -7.2200 12.0072 1.2000
v -7.2200 12.0072 1.2500
v -6.9272 12.3000 1.2500
v -6.9272 12.3000 1.2000
v -6.9272 12.3000 1.2000
v -6.9272 12.3000 1.2500
v -6.8200 12.7000 1.2500
v -6.8200 12.7000 1.2000
v -7.6200 12.7000 1.2500
v -6.8200 12.7000 1.2500
v -6.9272 13.1000 1.2500
v -7.6200 12.7000 1.2500
v -6.9272 13.1000 1.2500
v -7.2200 13.3928 1.2500
v -7.6200 12.7000 1.2500
v -7.2200 13.3928 1.2500
v -7.6200 13.5000 1.2500
v -7.6200 12.7000 1.2500
v -7.6200 13.5000 1.2500
v -8.0200 13.3928 1.2500
v -7.6200 12.7000 1.2500
v -8.0200 13.3928 1.2500
v -8.3128 13.1000 1.2500
v -7.6200 12.7000 1.2500
v -8.3128 13.1000 1.2500
v -8.4200 12.7000 1.2500
v -7.6200 12.7000 1.2500
v -8.4200 12.7000 1.2500
v -8.3128 12.3000 1.2500
v -7.6200 12.7000 1.2500
v -8.3128 12.3000 1.2500
v -8.0200 12.0072 1.2500
v -7.6200 12.7000 1.2500
v -8.0200 12.0072 1.2500
v -7.6200 11.9000 1.2500
v -7.6200 12.7000 1.2500
v -7.6200 11.9000 1.2500
v -7.2200 12.0072 1.2500
v -7.6200 12.7000 1.2500
v -7.2200 12.0072 1.2500
v -6.9272 12.3000 1.2500
v -7.6200 12.7000 1.2500
v -6.9272 12.3000 1.2500
v -6.8200 12.7000 1.2500
v -7.6200 12.7000 1.2000
v -6.9272 13.1000 1.2000
v -6.8200 12.7000 1.2000
v -7.6200 12.7000 1.2000
v -7.2200 13.3928 1.2000
v -6.9272 13.1000 1.2000
v -7.6200 12.7000 1.2000
v -7.6200 13.5000 1.2000
v -7.2200 13.3928 1.2000
v -7.6200 12.7000 1.2000
v -8.0200 13.3928 1.2000
v -7.6200 13.5000 1.2000
v -7.6200 12.7000 1.2000
v -8.3128 13.1000 1.2000
v -8.0200 13.3928 1.2000
v -7.6200 12.7000 1.2000
v -8.4200 12.7000 1.2000
v -8.3128 13.1000 1.2000
v -7.6200 12.7000 1.2000
v -8.3128 12.3000 1.2000
v -8.4200 12.7000 1.2000
v -7.6200 12.7000 1.2000
v -8.0200 12.0072 1.2000
v -8.3128 12.3000 1.2000
v -7.6200 12.7000 1.2000
v -7.6200 11.9000 1.2000
v -8.0200 12.0072 1.2000
v -7.6200 12.7000 1.2000
v -7.2200 12.0072 1.2000
v -7.6200 11.9000 1.2000
v -7.6200 12.7000 1.2000
v -6.9272 12.3000 1.2000
v -7.2200 12.0072 1.2000
v -7.6200 12.7000 1.2000
v -6.8200 12.7000 1.2000
v -6.9272 12.3000 1.2000
v -6.8200 12.7000 -0.0500
v -6.8200 12.7000 0.0000
v -6.9272 13.1000 0.0000
v -6.9272 13.1000 -0.0500
v -6.9272 13.1000 -0.0500
v -6.9272 13.1000 0.0000
v -7.2200 13.3928 0.0000
v -7.2200 13.3928 -0.0500
v -7.2200 13.3928 -0.0500
v -7.2200 13.3928 0.0000
v -7.6200 13.5000 0.0000
v -7.6200 13.5000 -0.0500
v -7.6200 13.5000 -0.0500
v -7.6200 13.5000 0.0000
v -8.0200 13.3928 0.0000
v -8.0200 13.3928 -0.0500
v -8.0200 13.3928 -0.0500
v -8.0200 13.3928 0.0000
v -8.3128 13.1000 0.0000
v -8.3128 13.1000 -0.0500
v -8.3128 13.1000 -0.0500
v -8.3128 13.1000 0.0000
v -8.4200 12.7000 0.0000
v -8.4200 12.7000 -0.0500
v -8.4200 12.7000 -0.0500
v -8.4200 12.7000 0.0000
v -8.3128 12.3000 0.0000
v -8.3128 12.3000 -0.0500
v -8.3128 12.3000 -0.0500
v -8.3128 12.3000 0.0000
v -8.0200 12.0072 0.0000
v -8.0200 12.0072 -0.0500
v -8.0200 12.0072 -0.0500
v -8.0200 12.0072 0.0000
v -7.6200 11.9000 0.0000
v -7.6200 11.9000 -0.0500
v -7.6200 11.9000 -0.0500
v -7.6200 11.9000 0.0000
v -7.2200 12.0072 0.0000
v -7.2200 12.0072 -0.0500
v -7.2200 12.0072 -0.0500
v -7.2200 12.0072 0.0000
v -6.9272 12.3000 0.0000
v -6.9272 12.3000 -0.0500
v -6.9272 12.3000 -0.0500
v -6.9272 12.3000 0.0000
v -6.8200 12.7000 0.0000
v -6.8200 12.7000 -0.0500
v -7.6200 12.7000 0.0000
v -6.8200 12.7000 0.0000
v -6.9272 13.1000 0.0000
v -7.6200 12.7000 0.0000
v -6.9272 13.1000 0.0000
v -7.2200 13.3928 0.0000
v -7.6200 12.7000 0.0000
v -7.2200 13.3928 0.0000
v -7.6200 13.5000 0.0000
v -7.6200 12.7000 0.0000
v -7.6200 13.5000 0.0000
v -8.0200 13.3928 0.0000
v -7.6200 12.7000 0.0000
v -8.0200 13.3928 0.0000
v -8.3128 13.1000 0.0000
v -7.6200 12.7000 0.0000
v -8.3128 13.1000 0.0000
v -8.4200 12.7000 0.0000
v -7.6200 12.7000 0.0000
v -8.4200 12.7000 0.0000
v -8.3128 12.3000 0.0000
v -7.6200 12.7000 0.0000
v -8.3128 12.3000 0.0000
v -8.0200 12.0072 0.0000
v -7.6200 12.7000 0.0000
v -8.0200 12.0072 0.0000
v -7.6200 11.9000 0.0000
v -7.6200 12.7000 0.0000
v -7.6200 11.9000 0.0000
v -7.2200 12.0072 0.0000
v -7.6200 12.7000 0.0000
v -7.2200 12.0072 0.0000
v -6.9272 12.3000 0.0000
v -7.6200 12.7000 0.0000
v -6.9272 12.3000 0.0000
v -6.8200 12.7000 0.0000
v -7.6200 12.7000 -0.0500
v -6.9272 13.1000 -0.0500
v -6.8200 12.7000 -0.0500
v -7.6200 12.7000 -0.0500
v -7.2200 13.3928 -0.0500
v -6.9272 13.1000 -0.0500
v -7.6200 12.7000 -0.0500
v -7.6200 13.5000 -0.0500
v -7.2200 13.3928 -0.0500
v -7.6200 12.7000 -0.0500
v -8.0200 13.3928 -0.0500
v -7.6200 13.5000 -0.0500
v -7.6200 12.7000 -0.0500
v -8.3128 13.1000 -0.0500
v -8.0200 13.3928 -0.0500
v -7.6200 12.7000 -0.0500
v -8.4200 12.7000 -0.0500
v -8.3128 13.1000 -0.0500
v -7.6200 12.7000 -0.0500
v -8.3128 12.3000 -0.0500
v -8.4200 12.7000 -0.0500
v -7.6200 12.7000 -0.0500
v -8.0200 12.0072 -0.0500
v -8.3128 12.3000 -0.0500
v -7.6200 12.7000 -0.0500
v -7.6200 11.9000 -0.0500
v -8.0200 12.0072 -0.0500
v -7.6200 12.7000 -0.0500
v -7.2200 12.0072 -0.0500
v -7.6200 11.9000 -0.0500
v -7.6200 12.7000 -0.0500
v -6.9272 12.3000 -0.0500
v -7.2200 12.0072 -0.0500
v -7.6200 12.7000 -0.0500
v -6.8200 12.7000 -0.0500
v -6.9272 12.3000 -0.0500
v -9.0500 12.2000 -0.0500
v -8.7000 12.2000 -0.0500
v -8.7000 13.2000 -0.0500
v -9.0500 13.2000 -0.0500
v -9.0500 12.2000 1.2500
v -9.0500 13.2000 1.2500
v -8.7000 13.2000 1.2500
v -8.7000 12.2000 1.2500
v -9.0500 12.2000 -0.0500
v -9.0500 12.2000 1.2500
v -8.7000 12.2000 1.2500
v -8.7000 12.2000 -0.0500
v -8.7000 13.2000 -0.0500
v -8.7000 13.2000 1.2500
v -9.0500 13.2000 1.2500
v -9.0500 13.2000 -0.0500
v -9.0500 12.2000 -0.0500
v -9.0500 13.2000 -0.0500
v -9.0500 13.2000 1.2500
v -9.0500 12.2000 1.2500
v -8.7000 12.2000 -0.0500
v -8.7000 12.2000 1.2500
v -8.7000 13.2000 1.2500
v -8.7000 13.2000 -0.0500
v 8.4200 12.7000 1.2000
v 8.4200 12.7000 1.2500
v 8.3128 13.1000 1.2500
v 8.3128 13.1000 1.2000
v 8.3128 13.1000 1.2000
v 8.3128 13.1000 1.2500
v 8.0200 13.3928 1.2500
v 8.0200 13.3928 1.2000
v 8.0200 13.3928 1.2000
v 8.0200 13.3928 1.2500
v 7.6200 13.5000 1.2500
v 7.6200 13.5000 1.2000
v 7.6200 13.5000 1.2000
v 7.6200 13.5000 1.2500
v 7.2200 13.3928 1.2500
v 7.2200 13.3928 1.2000
v 7.2200 13.3928 1.2000
v 7.2200 13.3928 1.2500
v 6.9272 13.1000 1.2500
v 6.9272 13.1000 1.2000
v 6.9272 13.1000 1.2000
v 6.9272 13.1000 1.2500
v 6.8200 12.7000 1.2500
v 6.8200 12.7000 1.2000
v 6.8200 12.7000 1.2000
v 6.8200 12.7000 1.2500
v 6.9272 12.3000 1.2500
v 6.9272 12.3000 1.2000
v 6.9272 12.3000 1.2000
v 6.9272 12.3000 1.2500
v 7.2200 12.0072 1.2500
v 7.2200 12.0072 1.2000
v 7.2200 12.0072 1.2000
v 7.2200 12.0072 1.2500
v 7.6200 11.9000 1.2500
v 7.6200 11.9000 1.2000
v 7.6200 11.9000 1.2000
v 7.6200 11.9000 1.2500
v 8.0200 12.0072 1.2500
v 8.0200 12.0072 1.2000
v 8.0200 12.0072 1.2000
v 8.0200 12.0072 1.2500
v 8.3128 12.3000 1.2500
v 8.3128 12.3000 1.2000
v 8.3128 12.3000 1.2000
v 8.3128 12.3000 1.2500
v 8.4200 12.7000 1.2500
v 8.4200 12.7000 1.2000
v 7.6200 12.7000 1.2500
v 8.4200 12.7000 1.2500
v 8.3128 13.1000 1.2500
v 7.6200 12.7000 1.2500
v 8.3128 13.1000 1.2500
v 8.0200 13.3928 1.2500
v 7.6200 12.7000 1.2500
v 8.0200 13.3928 1.2500
v 7.6200 13.5000 1.2500
v 7.6200 12.7000 1.2500
v 7.6200 13.5000 1.2500
v 7.2200 13.3928 1.2500
v 7.6200 12.7000 1.2500
v 7.2200 13.3928 1.2500
v 6.9272 13.1000 1.2500
v 7.6200 12.7000 1.2500
v 6.9272 13.1000 1.2500
v 6.8200 12.7000 1.2500
v 7.6200 12.7000 1.2500
v 6.8200 12.7000 1.2500
v 6.9272 12.3000 1.2500
v 7.6200 12.7000 1.2500
v 6.9272 12.3000 1.2500
v 7.2200 12.0072 1.2500
v 7.6200 12.7000 1.2500
v 7.2200 12.0072 1.2500
v 7.6200 11.9000 1.2500
v 7.6200 12.7000 1.2500
v 7.6200 11.9000 1.2500
v 8.0200 12.0072 1.2500
v 7.6200 12.7000 1.2500
v 8.0200 12.0072 1.2500
v 8.3128 12.3000 1.2500
v 7.6200 12.7000 1.2500
v 8.3128 12.3000 1.2500
v 8.4200 12.7000 1.2500
v 7.6200 12.7000 1.2000
v 8.3128 13.1000 1.2000
v 8.4200 12.7000 1.2000
v 7.6200 12.7000 1.2000
v 8.0200 13.3928 1.2000
v 8.3128 13.1000 1.2000
v 7.6200 12.7000 1.2000
v 7.6200 13.5000 1.2000
v 8.0200 13.3928 1.2000
v 7.6200 12.7000 1.2000
v 7.2200 13.3928 1.2000
v 7.6200 13.5000 1.2000
v 7.6200 12.7000 1.2000
v 6.9272 13.1000 1.2000
v 7.2200 13.3928 1.2000
v 7.6200 12.7000 1.2000
v 6.8200 12.7000 1.2000
v 6.9272 13.1000 1.2000
v 7.6200 12.7000 1.2000
v 6.9272 12.3000 1.2000
v 6.8200 12.7000 1.2000
v 7.6200 12.7000 1.2000
v 7.2200 12.0072 1.2000
v 6.9272 12.3000 1.2000
v 7.6200 12.7000 1.2000
v 7.6200 11.9000 1.2000
v 7.2200 12.0072 1.2000
v 7.6200 12.7000 1.2000
v 8.0200 12.0072 1.2000
v 7.6200 11.9000 1.2000
v 7.6200 12.7000 1.2000
v 8.3128 12.3000 1.2000
v 8.0200 12.0072 1.2000
v 7.6200 12.7000 1.2000
v 8.4200 12.7000 1.2000
v 8.3128 12.3000 1.2000
v 8.4200 12.7000 -0.0500
v 8.4200 12.7000 0.0000
v 8.3128 13.1000 0.0000
v 8.3128 13.1000 -0.0500
v 8.3128 13.1000 -0.0500
v 8.3128 13.1000 0.0000
v 8.0200 13.3928 0.0000
v 8.0200 13.3928 -0.0500
v 8.0200 13.3928 -0.0500
v 8.0200 13.3928 0.0000
v 7.6200 13.5000 0.0000
v 7.6200 13.5000 -0.0500
v 7.6200 13.5000 -0.0500
v 7.6200 13.5000 0.0000
v 7.2200 13.3928 0.0000
v 7.2200 13.3928 -0.0500
v 7.2200 13.3928 -0.0500
v 7.2200 13.3928 0.0000
v 6.9272 13.1000 0.0000
v 6.9272 13.1000 -0.0500
v 6.9272 13.1000 -0.0500
v 6.9272 13.1000 0.0000
v 6.8200 12.7000 0.0000
v 6.8200 12.7000 -0.0500
v 6.8200 12.7000 -0.0500
v 6.8200 12.7000 0.0000
v 6.9272 12.3000 0.0000
v 6.9272 12.3000 -0.0500
v 6.9272 12.3000 -0.0500
v 6.9272 12.3000 0.0000
v 7.2200 12.0072 0.0000
v 7.2200 12.0072 -0.0500
v 7.2200 12.0072 -0.0500
v 7.2200 12.0072 0.0000
v 7.6200 11.9000 0.0000
v 7.6200 11.9000 -0.0500
v 7.6200 11.9000 -0.0500
v 7.6200 11.9000 0.0000
v 8.0200 12.0072 0.0000
v 8.0200 12.0072 -0.0500
v 8.0200 12.0072 -0.0500
v 8.0200 12.0072 0.0000
v 8.3128 12.3000 0.0000
v 8.3128 12.3000 -0.0500
v 8.3128 12.3000 -0.0500
v 8.3128 12.3000 0.0000
v 8.4200 12.7000 0.0000
v 8.4200 12.7000 -0.0500
v 7.6200 12.7000 0.0000
v 8.4200 12.7000 0.0000
v 8.3128 13.1000 0.0000
v 7.6200 12.7000 0.0000
v 8.3128 13.1000 0.0000
v 8.0200 13.3928 0.0000
v 7.6200 12.7000 0.0000
v 8.0200 13.3928 0.0000
v 7.6200 13.5000 0.0000
v 7.6200 12.7000 0.0000
v 7.6200 13.5000 0.0000
v 7.2200 13.3928 0.0000
v 7.6200 12.7000 0.0000
v 7.2200 13.3928 0.0000
v 6.9272 13.1000 0.0000
v 7.6200 12.7000 0.0000
v 6.9272 13.1000 0.0000
v 6.8200 12.7000 0.0000
v 7.6200 12.7000 0.0000
v 6.8200 12.7000 0.0000
v 6.9272 12.3000 0.0000
v 7.6200 12.7000 0.0000
v 6.9272 12.3000 0.0000
v 7.2200 12.0072 0.0000
v 7.6200 12.7000 0.0000
v 7.2200 12.0072 0.0000
v 7.6200 11.9000 0.0000
v 7.6200 12.7000 0.0000
v 7.6200 11.9000 0.0000
v 8.0200 12.0072 0.0000
v 7.6200 12.7000 0.0000
v 8.0200 12.0072 0.0000
v 8.3128 12.3000 0.0000
v 7.6200 12.7000 0.0000
v 8.3128 12.3000 0.0000
v 8.4200 12.7000 0.0000
v 7.6200 12.7000 -0.0500
v 8.3128 13.1000 -0.0500
v 8.4200 12.7000 -0.0500
v 7.6200 12.7000 -0.0500
v 8.0200 13.3928 -0.0500
v 8.3128 13.1000 -0.0500
v 7.6200 12.7000 -0.0500
v 7.6200 13.5000 -0.0500
v 8.0200 13.3928 -0.0500
v 7.6200 12.7000 -0.0500
v 7.2200 13.3928 -0.0500
v 7.6200 13.5000 -0.0500
v 7.6200 12.7000 -0.0500
v 6.9272 13.1000 -0.0500
v 7.2200 13.3928 -0.0500
v 7.6200 12.7000 -0.0500
v 6.8200 12.7000 -0.0500
v 6.9272 13.1000 -0.0500
v 7.6200 12.7000 -0.0500
v 6.9272 12.3000 -0.0500
v 6.8200 12.7000 -0.0500
v 7.6200 12.7000 -0.0500
v 7.2200 12.0072 -0.0500
v 6.9272 12.3000 -0.0500
v 7.6200 12.7000 -0.0500
v 7.6200 11.9000 -0.0500
v 7.2200 12.0072 -0.0500
v 7.6200 12.7000 -0.0500
v 8.0200 12.0072 -0.0500
v 7.6200 11.9000 -0.0500
v 7.6200 12.7000 -0.0500
v 8.3128 12.3000 -0.0500
v 8.0200 12.0072 -0.0500
v 7.6200 12.7000 -0.0500
v 8.4200 12.7000 -0.0500
v 8.3128 12.3000 -0.0500
v 8.7000 12.2000 -0.0500
v 9.0500 12.2000 -0.0500
v 9.0500 13.2000 -0.0500
v 8.7000 13.2000 -0.0500
v 8.7000 12.2000 1.2500
v 8.7000 13.2000 1.2500
v 9.0500 13.2000 1.2500
v 9.0500 12.2000 1.2500
v 8.7000 12.2000 -0.0500
v 8.7000 12.2000 1.2500
v 9.0500 12.2000 1.2500
v 9.0500 12.2000 -0.0500
v 9.0500 13.2000 -0.0500
v 9.0500 13.2000 1.2500
v 8.7000 13.2000 1.2500
v 8.7000 13.2000 -0.0500
v 8.7000 12.2000 -0.0500
v 8.7000 13.2000 -0.0500
v 8.7000 13.2000 1.2500
v 8.7000 12.2000 1.2500
v 9.0500 12.2000 -0.0500
v 9.0500 12.2000 1.2500
v 9.0500 13.2000 1.2500
v 9.0500 13.2000 -0.0500
v -6.8200 15.2400 1.2000
v -6.8200 15.2400 1.2500
v -6.9272 15.6400 1.2500
v -6.9272 15.6400 1.2000
v -6.9272 15.6400 1.2000
v -6.9272 15.6400 1.2500
v -7.2200 15.9328 1.2500
v -7.2200 15.9328 1.2000
v -7.2200 15.9328 1.2000
v -7.2200 15.9328 1.2500
v -7.6200 16.0400 1.2500
v -7.6200 16.0400 1.2000
v -7.6200 16.0400 1.2000
v -7.6200 16.0400 1.2500
v -8.0200 15.9328 1.2500
v -8.0200 15.9328 1.2000
v -8.0200 15.9328 1.2000
v -8.0200 15.9328 1.2500
v -8.3128 15.6400 1.2500
v -8.3128 15.6400 1.2000
v -8.3128 15.6400 1.2000
v -8.3128 15.6400 1.2500
v -8.4200 15.2400 1.2500
v -8.4200 15.2400 1.2000
v -8.4200 15.2400 1.2000
v -8.4200 15.2400 1.2500
v -8.3128 14.8400 1.2500
v -8.3128 14.8400 1.2000
v -8.3128 14.8400 1.2000
v -8.3128 14.8400 1.2500
v -8.0200 14.5472 1.2500
v -8.0200 14.5472 1.2000
v -8.0200 14.5472 1.2000
v -8.0200 14.5472 1.2500
v -7.6200 14.4400 1.2500
v -7.6200 14.4400 1.2000
v -7.6200 14.4400 1.2000
v -7.6200 14.4400 1.2500
v -7.2200 14.5472 1.2500
v -7.2200 14.5472 1.2000
v -7.2200 14.5472 1.2000
v -7.2200 14.5472 1.2500
v -6.9272 14.8400 1.2500
v -6.9272 14.8400 1.2000
v -6.9272 14.8400 1.2000
v -6.9272 14.8400 1.2500
v -6.8200 15.2400 1.2500
v -6.8200 15.2400 1.2000
v -7.6200 15.2400 1.2500
v -6.8200 15.2400 1.2500
v -6.9272 15.6400 1.2500
v -7.6200 15.2400 1.2500
v -6.9272 15.6400 1.2500
v -7.2200 15.9328 1.2500
v -7.6200 15.2400 1.2500
v -7.2200 15.9328 1.2500
v -7.6200 16.0400 1.2500
v -7.6200 15.2400 1.2500
v -7.6200 16.0400 1.2500
v -8.0200 15.9328 1.2500
v -7.6200 15.2400 1.2500
v -8.0200 15.9328 1.2500
v -8.3128 15.6400 1.2500
v -7.6200 15.2400 1.2500
v -8.3128 15.6400 1.2500
v -8.4200 15.2400 1.2500
v -7.6200 15.2400 1.2500
v -8.4200 15.2400 1.2500
v -8.3128 14.8400 1.2500
v -7.6200 15.2400 1.2500
v -8.3128 14.8400 1.2500
v -8.0200 14.5472 1.2500
v -7.6200 15.2400 1.2500
v -8.0200 14.5472 1.2500
v -7.6200 14.4400 1.2500
v -7.6200 15.2400 1.2500
v -7.6200 14.4400 1.2500
v -7.2200 14.5472 1.2500
v -7.6200 15.2400 1.2500
v -7.2200 14.5472 1.2500
v -6.9272 14.8400 1.2500
v -7.6200 15.2400 1.2500
v -6.9272 14.8400 1.2500
v -6.8200 15.2400 1.2500
v -7.6200 15.2400 1.2000
v -6.9272 15.6400 1.2000
v -6.8200 15.2400 1.2000
v -7.6200 15.2400 1.2000
v -7.2200 15.9328 1.2000
v -6.9272 15.6400 1.2000
v -7.6200 15.2400 1.2000
v -7.6200 16.0400 1.2000
v -7.2200 15.9328 1.2000
v -7.6200 15.2400 1.2000
v -8.0200 15.9328 1.2000
v -7.6200 16.0400 1.2000
v -7.6200 15.2400 1.2000
v -8.3128 15.6400 1.2000
v -8.0200 15.9328 1.2000
v -7.6200 15.2400 1.2000
v -8.4200 15.2400 1.2000
v -8.3128 15.6400 1.2000
v -7.6200 15.2400 1.2000
v -8.3128 14.8400 1.2000
v -8.4200 15.2400 1.2000
v -7.6200 15.2400 1.2000
v -8.0200 14.5472 1.2000
v -8.3128 14.8400 1.2000
v -7.6200 15.2400 1.2000
v -7.6200 14.4400 1.2000
v -8.0200 14.5472 1.2000
v -7.6200 15.2400 1.2000
v -7.2200 14.5472 1.2000
v -7.6200 14.4400 1.2000
v -7.6200 15.2400 1.2000
v -6.9272 14.8400 1.2000
v -7.2200 14.5472 1.2000
v -7.6200 15.2400 1.2000
v -6.8200 15.2400 1.2000
v -6.9272 14.8400 1.2000
v -6.8200 15.2400 -0.0500
v -6.8200 15.2400 0.0000
v -6.9272 15.6400 0.0000
v -6.9272 15.6400 -0.0500
v -6.9272 15.6400 -0.0500
v -6.9272 15.6400 0.0000
v -7.2200 15.9328 0.0000
v -7.2200 15.9328 -0.0500
v -7.2200 15.9328 -0.0500
v -7.2200 15.9328 0.0000
v -7.6200 16.0400 0.0000
v -7.6200 16.0400 -0.0500
v -7.6200 16.0400 -0.0500
v -7.6200 16.0400 0.0000
v -8.0200 15.9328 0.0000
v -8.0200 15.9328 -0.0500
v -8.0200 15.9328 -0.0500
v -8.0200 15.9328 0.0000
v -8.3128 15.6400 0.0000
v -8.3128 15.6400 -0.0500
v -8.3128 15.6400 -0.0500
v -8.3128 15.6400 0.0000
v -8.4200 15.2400 0.0000
v -8.4200 15.2400 -0.0500
v -8.4200 15.2400 -0.0500
v -8.4200 15.2400 0.0000
v -8.3128 14.8400 0.0000
v -8.3128 14.8400 -0.0500
v -8.3128 14.8400 -0.0500
v -8.3128 14.8400 0.0000
v -8.0200 14.5472 0.0000
v -8.0200 14.5472 -0.0500
v -8.0200 14.5472 -0.0500
v -8.0200 14.5472 0.0000
v -7.6200 14.4400 0.0000
v -7.6200 14.4400 -0.0500
v -7.6200 14.4400 -0.0500
v -7.6200 14.4400 0.0000
v -7.2200 14.5472 0.0000
v -7.2200 14.5472 -0.0500
v -7.2200 14.5472 -0.0500
v -7.2200 14.5472 0.0000
v -6.9272 14.8400 0.0000
v -6.9272 14.8400 -0.0500
v -6.9272 14.8400 -0.0500
v -6.9272 14.8400 0.0000
v -6.8200 15.2400 0.0000
v -6.8200 15.2400 -0.0500
v -7.6200 15.2400 0.0000
v -6.8200 15.2400 0.0000
v -6.9272 15.6400 0.0000
v -7.6200 15.2400 0.0000
v -6.9272 15.6400 0.0000
v -7.2200 15.9328 0.0000
v -7.6200 15.2400 0.0000
v -7.2200 15.9328 0.0000
v -7.6200 16.0400 0.0000
v -7.6200 15.2400 0.0000
v -7.6200 16.0400 0.0000
v -8.0200 15.9328 0.0000
v -7.6200 15.2400 0.0000
v -8.0200 15.9328 0.0000
v -8.3128 15.6400 0.0000
v -7.6200 15.2400 0.0000
v -8.3128 15.6400 0.0000
v -8.4200 15.2400 0.0000
v -7.6200 15.2400 0.0000
v -8.4200 15.2400 0.0000
v -8.3128 14.8400 0.0000
v -7.6200 15.2400 0.0000
v -8.3128 14.8400 0.0000
v -8.0200 14.5472 0.0000
v -7.6200 15.2400 0.0000
v -8.0200 14.5472 0.0000
v -7.6200 14.4400 0.0000
v -7.6200 15.2400 0.0000
v -7.6200 14.4400 0.0000
v -7.2200 14.5472 0.0000
v -7.6200 15.2400 0.0000
v -7.2200 14.5472 0.0000
v -6.9272 14.8400 0.0000
v -7.6200 15.2400 0.0000
v -6.9272 14.8400 0.0000
v -6.8200 15.2400 0.0000
v -7.6200 15.2400 -0.0500
v -6.9272 15.6400 -0.0500
v -6.8200 15.2400 -0.0500
v -7.6200 15.2400 -0.0500
v -7.2200 15.9328 -0.0500
v -6.9272 15.6400 -0.0500
v -7.6200 15.2400 -0.0500
v -7.6200 16.0400 -0.0500
v -7.2200 15.9328 -0.0500
v -7.6200 15.2400 -0.0500
v -8.0200 15.9328 -0.0500
v -7.6200 16.0400 -0.0500
v -7.6200 15.2400 -0.0500
v -8.3128 15.6400 -0.0500
v -8.0200 15.9328 -0.0500
v -7.6200 15.2400 -0.0500
v -8.4200 15.2400 -0.0500
v -8.3128 15.6400 -0.0500
v -7.6200 15.2400 -0.0500
v -8.3128 14.8400 -0.0500
v -8.4200 15.2400 -0.0500
v -7.6200 15.2400 -0.0500
v -8.0200 14.5472 -0.0500
v -8.3128 14.8400 -0.0500
v -7.6200 15.2400 -0.0500
v -7.6200 14.4400 -0.0500
v -8.0200 14.5472 -0.0500
v -7.6200 15.2400 -0.0500
v -7.2200 14.5472 -0.0500
v -7.6200 14.4400 -0.0500
v -7.6200 15.2400 -0.0500
v -6.9272 14.8400 -0.0500
v -7.2200 14.5472 -0.0500
v -7.6200 15.2400 -0.0500
v -6.8200 15.2400 -0.0500
v -6.9272 14.8400 -0.0500
v -9.0500 14.7400 -0.0500
v -8.7000 14.7400 -0.0500
v -8.7000 15.7400 -0.0500
v -9.0500 15.7400 -0.0500
v -9.0500 14.7400 1.2500
v -9.0500 15.7400 1.2500
v -8.7000 15.7400 1.2500
v -8.7000 14.7400 1.2500
v -9.0500 14.7400 -0.0500
v -9.0500 14.7400 1.2500
v -8.7000 14.7400 1.2500
v -8.7000 14.7400 -0.0500
v -8.7000 15.7400 -0.0500
v -8.7000 15.7400 1.2500
v -9.0500 15.7400 1.2500
v -9.0500 15.7400 -0.0500
v -9.0500 14.7400 -0.0500
v -9.0500 15.7400 -0.0500
v -9.0500 15.7400 1.2500
v -9.0500 14.7400 1.2500
v -8.7000 14.7400 -0.0500
v -8.7000 14.7400 1.2500
v -8.7000 15.7400 1.2500
v -8.7000 15.7400 -0.0500
v 8.4200 15.2400 1.2000
v 8.4200 15.2400 1.2500
v 8.3128 15.6400 1.2500
v 8.3128 15.6400 1.2000
v 8.3128 15.6400 1.2000
v 8.3128 15.6400 1.2500
v 8.0200 15.9328 1.2500
v 8.0200 15.9328 1.2000
v 8.0200 15.9328 1.2000
v 8.0200 15.9328 1.2500
v 7.6200 16.0400 1.2500
v 7.6200 16.0400 1.2000
v 7.6200 16.0400 1.2000
v 7.6200 16.0400 1.2500
v 7.2200 15.9328 1.2500
v 7.2200 15.9328 1.2000
v 7.2200 15.9328 1.2000
v 7.2200 15.9328 1.2500
v 6.9272 15.6400 1.2500
v 6.9272 15.6400 1.2000
v 6.9272 15.6400 1.2000
v 6.9272 15.6400 1.2500
v 6.8200 15.2400 1.2500
v 6.8200 15.2400 1.2000
v 6.8200 15.2400 1.2000
v 6.8200 15.2400 1.2500
v 6.9272 14.8400 1.2500
v 6.9272 14.8400 1.2000
v 6.9272 14.8400 1.2000
v 6.9272 14.8400 1.2500
v 7.2200 14.5472 1.2500
v 7.2200 14.5472 1.2000
v 7.2200 14.5472 1.2000
v 7.2200 14.5472 1.2500
v 7.6200 14.4400 1.2500
v 7.6200 14.4400 1.2000
v 7.6200 14.4400 1.2000
v 7.6200 14.4400 1.2500
v 8.0200 14.5472 1.2500
v 8.0200 14.5472 1.2000
v 8.0200 14.5472 1.2000
v 8.0200 14.5472 1.2500
v 8.3128 14.8400 1.2500
v 8.3128 14.8400 1.2000
v 8.3128 14.8400 1.2000
v 8.3128 14.8400 1.2500
v 8.4200 15.2400 1.2500
v 8.4200 15.2400 1.2000
v 7.6200 15.2400 1.2500
v 8.4200 15.2400 1.2500
v 8.3128 15.6400 1.2500
v 7.6200 15.2400 1.2500
v 8.3128 15.6400 1.2500
v 8.0200 15.9328 1.2500
v 7.6200 15.2400 1.2500
v 8.0200 15.9328 1.2500
v 7.6200 16.0400 1.2500
v 7.6200 15.2400 1.2500
v 7.6200 16.0400 1.2500
v 7.2200 15.9328 1.2500
v 7.6200 15.2400 1.2500
v 7.2200 15.9328 1.2500
v 6.9272 15.6400 1.2500
v 7.6200 15.2400 1.2500
v 6.9272 15.6400 1.2500
v 6.8200 15.2400 1.2500
v 7.6200 15.2400 1.2500
v 6.8200 15.2400 1.2500
v 6.9272 14.8400 1.2500
v 7.6200 15.2400 1.2500
v 6.9272 14.8400 1.2500
v 7.2200 14.5472 1.2500
v 7.6200 15.2400 1.2500
v 7.2200 14.5472 1.2500
v 7.6200 14.4400 1.2500
v 7.6200 15.2400 1.2500
v 7.6200 14.4400 1.2500
v 8.0200 14.5472 1.2500
v 7.6200 15.2400 1.2500
v 8.0200 14.5472 1.2500
v 8.3128 14.8400 1.2500
v 7.6200 15.2400 1.2500
v 8.3128 14.8400 1.2500
v 8.4200 15.2400 1.2500
v 7.6200 15.2400 1.2000
v 8.3128 15.6400 1.2000
v 8.4200 15.2400 1.2000
v 7.6200 15.2400 1.2000
v 8.0200 15.9328 1.2000
v 8.3128 15.6400 1.2000
v 7.6200 15.2400 1.2000
v 7.6200 16.0400 1.2000
v 8.0200 15.9328 1.2000
v 7.6200 15.2400 1.2000
v 7.2200 15.9328 1.2000
v 7.6200 16.0400 1.2000
v 7.6200 15.2400 1.2000
v 6.9272 15.6400 1.2000
v 7.2200 15.9328 1.2000
v 7.6200 15.2400 1.2000
v 6.8200 15.2400 1.2000
v 6.9272 15.6400 1.2000
v 7.6200 15.2400 1.2000
v 6.9272 14.8400 1.2000
v 6.8200 15.2400 1.2000
v 7.6200 15.2400 1.2000
v 7.2200 14.5472 1.2000
v 6.9272 14.8400 1.2000
v 7.6200 15.2400 1.2000
v 7.6200 14.4400 1.2000
v 7.2200 14.5472 1.2000
v 7.6200 15.2400 1.2000
v 8.0200 14.5472 1.2000
v 7.6200 14.4400 1.2000
v 7.6200 15.2400 1.2000
v 8.3128 14.8400 1.2000
v 8.0200 14.5472 1.2000
v 7.6200 15.2400 1.2000
v 8.4200 15.2400 1.2000
v 8.3128 14.8400 1.2000
v 8.4200 15.2400 -0.0500
v 8.4200 15.2400 0.0000
v 8.3128 15.6400 0.0000
v 8.3128 15.6400 -0.0500
v 8.3128 15.6400 -0.0500
v 8.3128 15.6400 0.0000
v 8.0200 15.9328 0.0000
v 8.0200 15.9328 -0.0500
v 8.0200 15.9328 -0.0500
v 8.0200 15.9328 0.0000
v 7.6200 16.0400 0.0000
v 7.6200 16.0400 -0.0500
v 7.6200 16.0400 -0.0500
v 7.6200 16.0400 0.0000
v 7.2200 15.9328 0.0000
v 7.2200 15.9328 -0.0500
v 7.2200 15.9328 -0.0500
v 7.2200 15.9328 0.0000
v 6.9272 15.6400 0.0000
v 6.9272 15.6400 -0.0500
v 6.9272 15.6400 -0.0500
v 6.9272 15.6400 0.0000
v 6.8200 15.2400 0.0000
v 6.8200 15.2400 -0.0500
v 6.8200 15.2400 -0.0500
v 6.8200 15.2400 0.0000
v 6.9272 14.8400 0.0000
v 6.9272 14.8400 -0.0500
v 6.9272 14.8400 -0.0500
v 6.9272 14.8400 0.0000
v 7.2200 14.5472 0.0000
v 7.2200 14.5472 -0.0500
v 7.2200 14.5472 -0.0500
v 7.2200 14.5472 0.0000
v 7.6200 14.4400 0.0000
v 7.6200 14.4400 -0.0500
v 7.6200 14.4400 -0.0500
v 7.6200 14.4400 0.0000
v 8.0200 14.5472 0.0000
v 8.0200 14.5472 -0.0500
v 8.0200 14.5472 -0.0500
v 8.0200 14.5472 0.0000
v 8.3128 14.8400 0.0000
v 8.3128 14.8400 -0.0500
v 8.3128 14.8400 -0.0500
v 8.3128 14.8400 0.0000
v 8.4200 15.2400 0.0000
v 8.4200 15.2400 -0.0500
v 7.6200 15.2400 0.0000
v 8.4200 15.2400 0.0000
v 8.3128 15.6400 0.0000
v 7.6200 15.2400 0.0000
v 8.3128 15.6400 0.0000
v 8.0200 15.9328 0.0000
v 7.6200 15.2400 0.0000
v 8.0200 15.9328 0.0000
v 7.6200 16.0400 0.0000
v 7.6200 15.2400 0.0000
v 7.6200 16.0400 0.0000
v 7.2200 15.9328 0.0000
v 7.6200 15.2400 0.0000
v 7.2200 15.9328 0.0000
v 6.9272 15.6400 0.0000
v 7.6200 15.2400 0.0000
v 6.9272 15.6400 0.0000
v 6.8200 15.2400 0.0000
v 7.6200 15.2400 0.0000
v 6.8200 15.2400 0.0000
v 6.9272 14.8400 0.0000
v 7.6200 15.2400 0.0000
v 6.9272 14.8400 0.0000
v 7.2200 14.5472 0.0000
v 7.6200 15.2400 0.0000
v 7.2200 14.5472 0.0000
v 7.6200 14.4400 0.0000
v 7.6200 15.2400 0.0000
v 7.6200 14.4400 0.0000
v 8.0200 14.5472 0.0000
v 7.6200 15.2400 0.0000
v 8.0200 14.5472 0.0000
v 8.3128 14.8400 0.0000
v 7.6200 15.2400 0.0000
v 8.3128 14.8400 0.0000
v 8.4200 15.2400 0.0000
v 7.6200 15.2400 -0.0500
v 8.3128 15.6400 -0.0500
v 8.4200 15.2400 -0.0500
v 7.6200 15.2400 -0.0500
v 8.0200 15.9328 -0.0500
v 8.3128 15.6400 -0.0500
v 7.6200 15.2400 -0.0500
v 7.6200 16.0400 -0.0500
v 8.0200 15.9328 -0.0500
v 7.6200 15.2400 -0.0500
v 7.2200 15.9328 -0.0500
v 7.6200 16.0400 -0.0500
v 7.6200 15.2400 -0.0500
v 6.9272 15.6400 -0.0500
v 7.2200 15.9328 -0.0500
v 7.6200 15.2400 -0.0500
v 6.8200 15.2400 -0.0500
v 6.9272 15.6400 -0.0500
v 7.6200 15.2400 -0.0500
v 6.9272 14.8400 -0.0500
v 6.8200 15.2400 -0.0500
v 7.6200 15.2400 -0.0500
v 7.2200 14.5472 -0.0500
v 6.9272 14.8400 -0.0500
v 7.6200 15.2400 -0.0500
v 7.6200 14.4400 -0.0500
v 7.2200 14.5472 -0.0500
v 7.6200 15.2400 -0.0500
v 8.0200 14.5472 -0.0500
v 7.6200 14.4400 -0.0500
v 7.6200 15.2400 -0.0500
v 8.3128 14.8400 -0.0500
v 8.0200 14.5472 -0.0500
v 7.6200 15.2400 -0.0500
v 8.4200 15.2400 -0.0500
v 8.3128 14.8400 -0.0500
v 8.7000 14.7400 -0.0500
v 9.0500 14.7400 -0.0500
v 9.0500 15.7400 -0.0500
v 8.7000 15.7400 -0.0500
v 8.7000 14.7400 1.2500
v 8.7000 15.7400 1.2500
v 9.0500 15.7400 1.2500
v 9.0500 14.7400 1.2500
v 8.7000 14.7400 -0.0500
v 8.7000 14.7400 1.2500
v 9.0500 14.7400 1.2500
v 9.0500 14.7400 -0.0500
v 9.0500 15.7400 -0.0500
v 9.0500 15.7400 1.2500
v 8.7000 15.7400 1.2500
v 8.7000 15.7400 -0.0500
v 8.7000 14.7400 -0.0500
v 8.7000 15.7400 -0.0500
v 8.7000 15.7400 1.2500
v 8.7000 14.7400 1.2500
v 9.0500 14.7400 -0.0500
v 9.0500 14.7400 1.2500
v 9.0500 15.7400 1.2500
v 9.0500 15.7400 -0.0500
v -6.8200 17.7800 1.2000
v -6.8200 17.7800 1.2500
v -6.9272 18.1800 1.2500
v -6.9272 18.1800 1.2000
v -6.9272 18.1800 1.2000
v -6.9272 18.1800 1.2500
v -7.2200 18.4728 1.2500
v -7.2200 18.4728 1.2000
v -7.2200 18.4728 1.2000
v -7.2200 18.4728 1.2500
v -7.6200 18.5800 1.2500
v -7.6200 18.5800 1.2000
v -7.6200 18.5800 1.2000
v -7.6200 18.5800 1.2500
v -8.0200 18.4728 1.2500
v -8.0200 18.4728 1.2000
v -8.0200 18.4728 1.2000
v -8.0200 18.4728 1.2500
v -8.3128 18.1800 1.2500
v -8.3128 18.1800 1.2000
v -8.3128 18.1800 1.2000
v -8.3128 18.1800 1.2500
v -8.4200 17.7800 1.2500
v -8.4200 17.7800 1.2000
v -8.4200 17.7800 1.2000
v -8.4200 17.7800 1.2500
v -8.3128 17.3800 1.2500
v -8.3128 17.3800 1.2000
v -8.3128 17.3800 1.2000
v -8.3128 17.3800 1.2500
v -8.0200 17.0872 1.2500
v -8.0200 17.0872 1.2000
v -8.0200 17.0872 1.2000
v -8.0200 17.0872 1.2500
v -7.6200 16.9800 1.2500
v -7.6200 16.9800 1.2000
v -7.6200 16.9800 1.2000
v -7.6200 16.9800 1.2500
v -7.2200 17.0872 1.2500
v -7.2200 17.0872 1.2000
v -7.2200 17.0872 1.2000
v -7.2200 17.0872 1.2500
v -6.9272 17.3800 1.2500
v -6.9272 17.3800 1.2000
v -6.9272 17.3800 1.2000
v -6.9272 17.3800 1.2500
v -6.8200 17.7800 1.2500
v -6.8200 17.7800 1.2000
v -7.6200 17.7800 1.2500
v -6.8200 17.7800 1.2500
v -6.9272 18.1800 1.2500
v -7.6200 17.7800 1.2500
v -6.9272 18.1800 1.2500
v -7.2200 18.4728 1.2500
v -7.6200 17.7800 1.2500
v -7.2200 18.4728 1.2500
v -7.6200 18.5800 1.2500
v -7.6200 17.7800 1.2500
v -7.6200 18.5800 1.2500
v -8.0200 18.4728 1.2500
v -7.6200 17.7800 1.2500
v -8.0200 18.4728 1.2500
v -8.3128 18.1800 1.2500
v -7.6200 17.7800 1.2500
v -8.3128 18.1800 1.2500
v -8.4200 17.7800 1.2500
v -7.6200 17.7800 1.2500
v -8.4200 17.7800 1.2500
v -8.3128 17.3800 1.2500
v -7.6200 17.7800 1.2500
v -8.3128 17.3800 1.2500
v -8.0200 17.0872 1.2500
v -7.6200 17.7800 1.2500
v -8.0200 17.0872 1.2500
v -7.6200 16.9800 1.2500
v -7.6200 17.7800 1.2500
v -7.6200 16.9800 1.2500
v -7.2200 17.0872 1.2500
v -7.6200 17.7800 1.2500
v -7.2200 17.0872 1.2500
v -6.9272 17.3800 1.2500
v -7.6200 17.7800 1.2500
v -6.9272 17.3800 1.2500
v -6.8200 17.7800 1.2500
v -7.6200 17.7800 1.2000
v -6.9272 18.1800 1.2000
v -6.8200 17.7800 1.2000
v -7.6200 17.7800 1.2000
v -7.2200 18.4728 1.2000
v -6.9272 18.1800 1.2000
v -7.6200 17.7800 1.2000
v -7.6200 18.5800 1.2000
v -7.2200 18.4728 1.2000
v -7.6200 17.7800 1.2000
v -8.0200 18.4728 1.2000
v -7.6200 18.5800 1.2000
v -7.6200 17.7800 1.2000
v -8.3128 18.1800 1.2000
v -8.0200 18.4728 1.2000
v -7.6200 17.7800 1.2000
v -8.4200 17.7800 1.2000
v -8.3128 18.1800 1.2000
v -7.6200 17.7800 1.2000
v -8.3128 17.3800 1.2000
v -8.4200 17.7800 1.2000
v -7.6200 17.7800 1.2000
v -8.0200 17.0872 1.2000
v -8.3128 17.3800 1.2000
v -7.6200 17.7800 1.2000
v -7.6200 16.9800 1.2000
v -8.0200 17.0872 1.2000
v -7.6200 17.7800 1.2000
v -7.2200 17.0872 1.2000
v -7.6200 16.9800 1.2000
v -7.6200 17.7800 1.2000
v -6.9272 17.3800 1.2000
v -7.2200 17.0872 1.2000
v -7.6200 17.7800 1.2000
v -6.8200 17.7800 1.2000
v -6.9272 17.3800 1.2000
v -6.8200 17.7800 -0.0500
v -6.8200 17.7800 0.0000
v -6.9272 18.1800 0.0000
v -6.9272 18.1800 -0.0500
v -6.9272 18.1800 -0.0500
v -6.9272 18.1800 0.0000
v -7.2200 18.4728 0.0000
v -7.2200 18.4728 -0.0500
v -7.2200 18.4728 -0.0500
v -7.2200 18.4728 0.0000
v -7.6200 18.5800 0.0000
v -7.6200 18.5800 -0.0500
v -7.6200 18.5800 -0.0500
v -7.6200 18.5800 0.0000
v -8.0200 18.4728 0.0000
v -8.0200 18.4728 -0.0500
v -8.0200 18.4728 -0.0500
v -8.0200 18.4728 0.0000
v -8.3128 18.1800 0.0000
v -8.3128 18.1800 -0.0500
v -8.3128 18.1800 -0.0500
v -8.3128 18.1800 0.0000
v -8.4200 17.7800 0.0000
v -8.4200 17.7800 -0.0500
v -8.4200 17.7800 -0.0500
v -8.4200 17.7800 0.0000
v -8.3128 17.3800 0.0000
v -8.3128 17.3800 -0.0500
v -8.3128 17.3800 -0.0500
v -8.3128 17.3800 0.0000
v -8.0200 17.0872 0.0000
v -8.0200 17.0872 -0.0500
v -8.0200 17.0872 -0.0500
v -8.0200 17.0872 0.0000
v -7.6200 16.9800 0.0000
v -7.6200 16.9800 -0.0500
v -7.6200 16.9800 -0.0500
v -7.6200 16.9800 0.0000
v -7.2200 17.0872 0.0000
v -7.2200 17.0872 -0.0500
v -7.2200 17.0872 -0.0500
v -7.2200 17.0872 0.0000
v -6.9272 17.3800 0.0000
v -6.9272 17.3800 -0.0500
v -6.9272 17.3800 -0.0500
v -6.9272 17.3800 0.0000
v -6.8200 17.7800 0.0000
v -6.8200 17.7800 -0.0500
v -7.6200 17.7800 0.0000
v -6.8200 17.7800 0.0000
v -6.9272 18.1800 0.0000
v -7.6200 17.7800 0.0000
v -6.9272 18.1800 0.0000
v -7.2200 18.4728 0.0000
v -7.6200 17.7800 0.0000
v -7.2200 18.4728 0.0000
v -7.6200 18.5800 0.0000
v -7.6200 17.7800 0.0000
v -7.6200 18.5800 0.0000
v -8.0200 18.4728 0.0000
v -7.6200 17.7800 0.0000
v -8.0200 18.4728 0.0000
v -8.3128 18.1800 0.0000
v -7.6200 17.7800 0.0000
v -8.3128 18.1800 0.0000
v -8.4200 17.7800 0.0000
v -7.6200 17.7800 0.0000
v -8.4200 17.7800 0.0000
v -8.3128 17.3800 0.0000
v -7.6200 17.7800 0.0000
v -8.3128 17.3800 0.0000
v -8.0200 17.0872 0.0000
v -7.6200 17.7800 0.0000
v -8.0200 17.0872 0.0000
v -7.6200 16.9800 0.0000
v -7.6200 17.7800 0.0000
v -7.6200 16.9800 0.0000
v -7.2200 17.0872 0.0000
v -7.6200 17.7800 0.0000
v -7.2200 17.0872 0.0000
v -6.9272 17.3800 0.0000
v -7.6200 17.7800 0.0000
v -6.9272 17.3800 0.0000
v -6.8200 17.7800 0.0000
v -7.6200 17.7800 -0.0500
v -6.9272 18.1800 -0.0500
v -6.8200 17.7800 -0.0500
v -7.6200 17.7800 -0.0500
v -7.2200 18.4728 -0.0500
v -6.9272 18.1800 -0.0500
v -7.6200 17.7800 -0.0500
v -7.6200 18.5800 -0.0500
v -7.2200 18.4728 -0.0500
v -7.6200 17.7800 -0.0500
v -8.0200 18.4728 -0.0500
v -7.6200 18.5800 -0.0500
v -7.6200 17.7800 -0.0500
v -8.3128 18.1800 -0.0500
v -8.0200 18.4728 -0.0500
v -7.6200 17.7800 -0.0500
v -8.4200 17.7800 -0.0500
v -8.3128 18.1800 -0.0500
v -7.6200 17.7800 -0.0500
v -8.3128 17.3800 -0.0500
v -8.4200 17.7800 -0.0500
v -7.6200 17.7800 -0.0500
v -8.0200 17.0872 -0.0500
v -8.3128 17.3800 -0.0500
v -7.6200 17.7800 -0.0500
v -7.6200 16.9800 -0.0500
v -8.0200 17.0872 -0.0500
v -7.6200 17.7800 -0.0500
v -7.2200 17.0872 -0.0500
v -7.6200 16.9800 -0.0500
v -7.6200 17.7800 -0.0500
v -6.9272 17.3800 -0.0500
v -7.2200 17.0872 -0.0500
v -7.6200 17.7800 -0.0500
v -6.8200 17.7800 -0.0500
v -6.9272 17.3800 -0.0500
v -9.0500 17.2800 -0.0500
v -8.7000 17.2800 -0.0500
v -8.7000 18.2800 -0.0500
v -9.0500 18.2800 -0.0500
v -9.0500 17.2800 1.2500
v -9.0500 18.2800 1.2500
v -8.7000 18.2800 1.2500
v -8.7000 17.2800 1.2500
v -9.0500 17.2800 -0.0500
v -9.0500 17.2800 1.2500
v -8.7000 17.2800 1.2500
v -8.7000 17.2800 -0.0500
v -8.7000 18.2800 -0.0500
v -8.7000 18.2800 1.2500
v -9.0500 18.2800 1.2500
v -9.0500 18.2800 -0.0500
v -9.0500 17.2800 -0.0500
v -9.0500 18.2800 -0.0500
v -9.0500 18.2800 1.2500
v -9.0500 17.2800 1.2500
v -8.7000 17.2800 -0.0500
v -8.7000 17.2800 1.2500
v -8.7000 18.2800 1.2500
v -8.7000 18.2800 -0.0500
v 8.4200 17.7800 1.2000
v 8.4200 17.7800 1.2500
v 8.3128 18.1800 1.2500
v 8.3128 18.1800 1.2000
v 8.3128 18.1800 1.2000
v 8.3128 18.1800 1.2500
v 8.0200 18.4728 1.2500
v 8.0200 18.4728 1.2000
v 8.0200 18.4728 1.2000
v 8.0200 18.4728 1.2500
v 7.6200 18.5800 1.2500
v 7.6200 18.5800 1.2000
v 7.6200 18.5800 1.2000
v 7.6200 18.5800 1.2500
v 7.2200 18.4728 1.2500
v 7.2200 18.4728 1.2000
v 7.2200 18.4728 1.2000
v 7.2200 18.4728 1.2500
v 6.9272 18.1800 1.2500
v 6.9272 18.1800 1.2000
v 6.9272 18.1800 1.2000
v 6.9272 18.1800 1.2500
v 6.8200 17.7800 1.2500
v 6.8200 17.7800 1.2000
v 6.8200 17.7800 1.2000
v 6.8200 17.7800 1.2500
v 6.9272 17.3800 1.2500
v 6.9272 17.3800 1.2000
v 6.9272 17.3800 1.2000
v 6.9272 17.3800 1.2500
v 7.2200 17.0872 1.2500
v 7.2200 17.0872 1.2000
v 7.2200 17.0872 1.2000
v 7.2200 17.0872 1.2500
v 7.6200 16.9800 1.2500
v 7.6200 16.9800 1.2000
v 7.6200 16.9800 1.2000
v 7.6200 16.9800 1.2500
v 8.0200 17.0872 1.2500
v 8.0200 17.0872 1.2000
v 8.0200 17.0872 1.2000
v 8.0200 17.0872 1.2500
v 8.3128 17.3800 1.2500
v 8.3128 17.3800 1.2000
v 8.3128 17.3800 1.2000
v 8.3128 17.3800 1.2500
v 8.4200 17.7800 1.2500
v 8.4200 17.7800 1.2000
v 7.6200 17.7800 1.2500
v 8.4200 17.7800 1.2500
v 8.3128 18.1800 1.2500
v 7.6200 17.7800 1.2500
v 8.3128 18.1800 1.2500
v 8.0200 18.4728 1.2500
v 7.6200 17.7800 1.2500
v 8.0200 18.4728 1.2500
v 7.6200 18.5800 1.2500
v 7.6200 17.7800 1.2500
v 7.6200 18.5800 1.2500
v 7.2200 18.4728 1.2500
v 7.6200 17.7800 1.2500
v 7.2200 18.4728 1.2500
v 6.9272 18.1800 1.2500
v 7.6200 17.7800 1.2500
v 6.9272 18.1800 1.2500
v 6.8200 17.7800 1.2500
v 7.6200 17.7800 1.2500
v 6.8200 17.7800 1.2500
v 6.9272 17.3800 1.2500
v 7.6200 17.7800 1.2500
v 6.9272 17.3800 1.2500
v 7.2200 17.0872 1.2500
v 7.6200 17.7800 1.2500
v 7.2200 17.0872 1.2500
v 7.6200 16.9800 1.2500
v 7.6200 17.7800 1.2500
v 7.6200 16.9800 1.2500
v 8.0200 17.0872 1.2500
v 7.6200 17.7800 1.2500
v 8.0200 17.0872 1.2500
v 8.3128 17.3800 1.2500
v 7.6200 17.7800 1.2500
v 8.3128 17.3800 1.2500
v 8.4200 17.7800 1.2500
v 7.6200 17.7800 1.2000
v 8.3128 18.1800 1.2000
v 8.4200 17.7800 1.2000
v 7.6200 17.7800 1.2000
v 8.0200 18.4728 1.2000
v 8.3128 18.1800 1.2000
v 7.6200 17.7800 1.2000
v 7.6200 18.5800 1.2000
v 8.0200 18.4728 1.2000
v 7.6200 17.7800 1.2000
v 7.2200 18.4728 1.2000
v 7.6200 18.5800 1.2000
v 7.6200 17.7800 1.2000
v 6.9272 18.1800 1.2000
v 7.2200 18.4728 1.2000
v 7.6200 17.7800 1.2000
v 6.8200 17.7800 1.2000
v 6.9272 18.1800 1.2000
v 7.6200 17.7800 1.2000
v 6.9272 17.3800 1.2000
v 6.8200 17.7800 1.2000
v 7.6200 17.7800 1.2000
v 7.2200 17.0872 1.2000
v 6.9272 17.3800 1.2000
v 7.6200 17.7800 1.2000
v 7.6200 16.9800 1.2000
v 7.2200 17.0872 1.2000
v 7.6200 17.7800 1.2000
v 8.0200 17.0872 1.2000
v 7.6200 16.9800 1.2000
v 7.6200 17.7800 1.2000
v 8.3128 17.3800 1.2000
v 8.0200 17.0872 1.2000
v 7.6200 17.7800 1.2000
v 8.4200 17.7800 1.2000
v 8.3128 17.3800 1.2000
v 8.4200 17.7800 -0.0500
v 8.4200 17.7800 0.0000
v 8.3128 18.1800 0.0000
v 8.3128 18.1800 -0.0500
v 8.3128 18.1800 -0.0500
v 8.3128 18.1800 0.0000
v 8.0200 18.4728 0.0000
v 8.0200 18.4728 -0.0500
v 8.0200 18.4728 -0.0500
v 8.0200 18.4728 0.0000
v 7.6200 18.5800 0.0000
v 7.6200 18.5800 -0.0500
v 7.6200 18.5800 -0.0500
v 7.6200 18.5800 0.0000
v 7.2200 18.4728 0.0000
v 7.2200 18.4728 -0.0500
v 7.2200 18.4728 -0.0500
v 7.2200 18.4728 0.0000
v 6.9272 18.1800 0.0000
v 6.9272 18.1800 -0.0500
v 6.9272 18.1800 -0.0500
v 6.9272 18.1800 0.0000
v 6.8200 17.7800 0.0000
v 6.8200 17.7800 -0.0500
v 6.8200 17.7800 -0.0500
v 6.8200 17.7800 0.0000
v 6.9272 17.3800 0.0000
v 6.9272 17.3800 -0.0500
v 6.9272 17.3800 -0.0500
v 6.9272 17.3800 0.0000
v 7.2200 17.0872 0.0000
v 7.2200 17.0872 -0.0500
v 7.2200 17.0872 -0.0500
v 7.2200 17.0872 0.0000
v 7.6200 16.9800 0.0000
v 7.6200 16.9800 -0.0500
v 7.6200 16.9800 -0.0500
v 7.6200 16.9800 0.0000
v 8.0200 17.0872 0.0000
v 8.0200 17.0872 -0.0500
v 8.0200 17.0872 -0.0500
v 8.0200 17.0872 0.0000
v 8.3128 17.3800 0.0000
v 8.3128 17.3800 -0.0500
v 8.3128 17.3800 -0.0500
v 8.3128 17.3800 0.0000
v 8.4200 17.7800 0.0000
v 8.4200 17.7800 -0.0500
v 7.6200 17.7800 0.0000
v 8.4200 17.7800 0.0000
v 8.3128 18.1800 0.0000
v 7.6200 17.7800 0.0000
v 8.3128 18.1800 0.0000
v 8.0200 18.4728 0.0000
v 7.6200 17.7800 0.0000
v 8.0200 18.4728 0.0000
v 7.6200 18.5800 0.0000
v 7.6200 17.7800 0.0000
v 7.6200 18.5800 0.0000
v 7.2200 18.4728 0.0000
v 7.6200 17.7800 0.0000
v 7.2200 18.4728 0.0000
v 6.9272 18.1800 0.0000
v 7.6200 17.7800 0.0000
v 6.9272 18.1800 0.0000
v 6.8200 17.7800 0.0000
v 7.6200 17.7800 0.0000
v 6.8200 17.7800 0.0000
v 6.9272 17.3800 0.0000
v 7.6200 17.7800 0.0000
v 6.9272 17.3800 0.0000
v 7.2200 17.0872 0.0000
v 7.6200 17.7800 0.0000
v 7.2200 17.0872 0.0000
v 7.6200 16.9800 0.0000
v 7.6200 17.7800 0.0000
v 7.6200 16.9800 0.0000
v 8.0200 17.0872 0.0000
v 7.6200 17.7800 0.0000
v 8.0200 17.0872 0.0000
v 8.3128 17.3800 0.0000
v 7.6200 17.7800 0.0000
v 8.3128 17.3800 0.0000
v 8.4200 17.7800 0.0000
v 7.6200 17.7800 -0.0500
v 8.3128 18.1800 -0.0500
v 8.4200 17.7800 -0.0500
v 7.6200 17.7800 -0.0500
v 8.0200 18.4728 -0.0500
v 8.3128 18.1800 -0.0500
v 7.6200 17.7800 -0.0500
v 7.6200 18.5800 -0.0500
v 8.0200 18.4728 -0.0500
v 7.6200 17.7800 -0.0500
v 7.2200 18.4728 -0.0500
v 7.6200 18.5800 -0.0500
v 7.6200 17.7800 -0.0500
v 6.9272 18.1800 -0.0500
v 7.2200 18.4728 -0.0500
v 7.6200 17.7800 -0.0500
v 6.8200 17.7800 -0.0500
v 6.9272 18.1800 -0.0500
v 7.6200 17.7800 -0.0500
v 6.9272 17.3800 -0.0500
v 6.8200 17.7800 -0.0500
v 7.6200 17.7800 -0.0500
v 7.2200 17.0872 -0.0500
v 6.9272 17.3800 -0.0500
v 7.6200 17.7800 -0.0500
v 7.6200 16.9800 -0.0500
v 7.2200 17.0872 -0.0500
v 7.6200 17.7800 -0.0500
v 8.0200 17.0872 -0.0500
v 7.6200 16.9800 -0.0500
v 7.6200 17.7800 -0.0500
v 8.3128 17.3800 -0.0500
v 8.0200 17.0872 -0.0500
v 7.6200 17.7800 -0.0500
v 8.4200 17.7800 -0.0500
v 8.3128 17.3800 -0.0500
v 8.7000 17.2800 -0.0500
v 9.0500 17.2800 -0.0500
v 9.0500 18.2800 -0.0500
v 8.7000 18.2800 -0.0500
v 8.7000 17.2800 1.2500
v 8.7000 18.2800 1.2500
v 9.0500 18.2800 1.2500
v 9.0500 17.2800 1.2500
v 8.7000 17.2800 -0.0500
v 8.7000 17.2800 1.2500
v 9.0500 17.2800 1.2500
v 9.0500 17.2800 -0.0500
v 9.0500 18.2800 -0.0500
v 9.0500 18.2800 1.2500
v 8.7000 18.2800 1.2500
v 8.7000 18.2800 -0.0500
v 8.7000 17.2800 -0.0500
v 8.7000 18.2800 -0.0500
v 8.7000 18.2800 1.2500
v 8.7000 17.2800 1.2500
v 9.0500 17.2800 -0.0500
v 9.0500 17.2800 1.2500
v 9.0500 18.2800 1.2500
v 9.0500 18.2800 -0.0500
v -6.8200 20.3200 1.2000
v -6.8200 20.3200 1.2500
v -6.9272 20.7200 1.2500
v -6.9272 20.7200 1.2000
v -6.9272 20.7200 1.2000
v -6.9272 20.7200 1.2500
v -7.2200 21.0128 1.2500
v -7.2200 21.0128 1.2000
v -7.2200 21.0128 1.2000
v -7.2200 21.0128 1.2500
v -7.6200 21.1200 1.2500
v -7.6200 21.1200 1.2000
v -7.6200 21.1200 1.2000
v -7.6200 21.1200 1.2500
v -8.0200 21.0128 1.2500
v -8.0200 21.0128 1.2000
v -8.0200 21.0128 1.2000
v -8.0200 21.0128 1.2500
v -8.3128 20.7200 1.2500
v -8.3128 20.7200 1.2000
v -8.3128 20.7200 1.2000
v -8.3128 20.7200 1.2500
v -8.4200 20.3200 1.2500
v -8.4200 20.3200 1.2000
v -8.4200 20.3200 1.2000
v -8.4200 20.3200 1.2500
v -8.3128 19.9200 1.2500
v -8.3128 19.9200 1.2000
v -8.3128 19.9200 1.2000
v -8.3128 19.9200 1.2500
v -8.0200 19.6272 1.2500
v -8.0200 19.6272 1.2000
v -8.0200 19.6272 1.2000
v -8.0200 19.6272 1.2500
v -7.6200 19.5200 1.2500
v -7.6200 19.5200 1.2000
v -7.6200 19.5200 1.2000
v -7.6200 19.5200 1.2500
v -7.2200 19.6272 1.2500
v -7.2200 19.6272 1.2000
v -7.2200 19.6272 1.2000
v -7.2200 19.6272 1.2500
v -6.9272 19.9200 1.2500
v -6.9272 19.9200 1.2000
v -6.9272 19.9200 1.2000
v -6.9272 19.9200 1.2500
v -6.8200 20.3200 1.2500
v -6.8200 20.3200 1.2000
v -7.6200 20.3200 1.2500
v -6.8200 20.3200 1.2500
v -6.9272 20.7200 1.2500
v -7.6200 20.3200 1.2500
v -6.9272 20.7200 1.2500
v -7.2200 21.0128 1.2500
v -7.6200 20.3200 1.2500
v -7.2200 21.0128 1.2500
v -7.6200 21.1200 1.2500
v -7.6200 20.3200 1.2500
v -7.6200 21.1200 1.2500
v -8.0200 21.0128 1.2500
v -7.6200 20.3200 1.2500
v -8.0200 21.0128 1.2500
v -8.3128 20.7200 1.2500
v -7.6200 20.3200 1.2500
v -8.3128 20.7200 1.2500
v -8.4200 20.3200 1.2500
v -7.6200 20.3200 1.2500
v -8.4200 20.3200 1.2500
v -8.3128 19.9200 1.2500
v -7.6200 20.3200 1.2500
v -8.3128 19.9200 1.2500
v -8.0200 19.6272 1.2500
v -7.6200 20.3200 1.2500
v -8.0200 19.6272 1.2500
v -7.6200 19.5200 1.2500
v -7.6200 20.3200 1.2500
v -7.6200 19.5200 1.2500
v -7.2200 19.6272 1.2500
v -7.6200 20.3200 1.2500
v -7.2200 19.6272 1.2500
v -6.9272 19.9200 1.2500
v -7.6200 20.3200 1.2500
v -6.9272 19.9200 1.2500
v -6.8200 20.3200 1.2500
v -7.6200 20.3200 1.2000
v -6.9272 20.7200 1.2000
v -6.8200 20.3200 1.2000
v -7.6200 20.3200 1.2000
v -7.2200 21.0128 1.2000
v -6.9272 20.7200 1.2000
v -7.6200 20.3200 1.2000
v -7.6200 21.1200 1.2000
v -7.2200 21.0128 1.2000
v -7.6200 20.3200 1.2000
v -8.0200 21.0128 1.2000
v -7.6200 21.1200 1.2000
v -7.6200 20.3200 1.2000
v -8.3128 20.7200 1.2000
v -8.0200 21.0128 1.2000
v -7.6200 20.3200 1.2000
v -8.4200 20.3200 1.2000
v -8.3128 20.7200 1.2000
v -7.6200 20.3200 1.2000
v -8.3128 19.9200 1.2000
v -8.4200 20.3200 1.2000
v -7.6200 20.3200 1.2000
v -8.0200 19.6272 1.2000
v -8.3128 19.9200 1.2000
v -7.6200 20.3200 1.2000
v -7.6200 19.5200 1.2000
v -8.0200 19.6272 1.2000
v -7.6200 20.3200 1.2000
v -7.2200 19.6272 1.2000
v -7.6200 19.5200 1.2000
v -7.6200 20.3200 1.2000
v -6.9272 19.9200 1.2000
v -7.2200 19.6272 1.2000
v -7.6200 20.3200 1.2000
v -6.8200 20.3200 1.2000
v -6.9272 19.9200 1.2000
v -6.8200 20.3200 -0.0500
v -6.8200 20.3200 0.0000
v -6.9272 20.7200 0.0000
v -6.9272 20.7200 -0.0500
v -6.9272 20.7200 -0.0500
v -6.9272 20.7200 0.0000
v -7.2200 21.0128 0.0000
v -7.2200 21.0128 -0.0500
v -7.2200 21.0128 -0.0500
v -7.2200 21.0128 0.0000
v -7.6200 21.1200 0.0000
v -7.6200 21.1200 -0.0500
v -7.6200 21.1200 -0.0500
v -7.6200 21.1200 0.0000
v -8.0200 21.0128 0.0000
v -8.0200 21.0128 -0.0500
v -8.0200 21.0128 -0.0500
v -8.0200 21.0128 0.0000
v -8.3128 20.7200 0.0000
v -8.3128 20.7200 -0.0500
v -8.3128 20.7200 -0.0500
v -8.3128 20.7200 0.0000
v -8.4200 20.3200 0.0000
v -8.4200 20.3200 -0.0500
v -8.4200 20.3200 -0.0500
v -8.4200 20.3200 0.0000
v -8.3128 19.9200 0.0000
v -8.3128 19.9200 -0.0500
v -8.3128 19.9200 -0.0500
v -8.3128 19.9200 0.0000
v -8.0200 19.6272 0.0000
v -8.0200 19.6272 -0.0500
v -8.0200 19.6272 -0.0500
v -8.0200 19.6272 0.0000
v -7.6200 19.5200 0.0000
v -7.6200 19.5200 -0.0500
v -7.6200 19.5200 -0.0500
v -7.6200 19.5200 0.0000
v -7.2200 19.6272 0.0000
v -7.2200 19.6272 -0.0500
v -7.2200 19.6272 -0.0500
v -7.2200 19.6272 0.0000
v -6.9272 19.9200 0.0000
v -6.9272 19.9200 -0.0500
v -6.9272 19.9200 -0.0500
v -6.9272 19.9200 0.0000
v -6.8200 20.3200 0.0000
v -6.8200 20.3200 -0.0500
v -7.6200 20.3200 0.0000
v -6.8200 20.3200 0.0000
v -6.9272 20.7200 0.0000
v -7.6200 20.3200 0.0000
v -6.9272 20.7200 0.0000
v -7.2200 21.0128 0.0000
v -7.6200 20.3200 0.0000
v -7.2200 21.0128 0.0000
v -7.6200 21.1200 0.0000
v -7.6200 20.3200 0.0000
v -7.6200 21.1200 0.0000
v -8.0200 21.0128 0.0000
v -7.6200 20.3200 0.0000
v -8.0200 21.0128 0.0000
v -8.3128 20.7200 0.0000
v -7.6200 20.3200 0.0000
v -8.3128 20.7200 0.0000
v -8.4200 20.3200 0.0000
v -7.6200 20.3200 0.0000
v -8.4200 20.3200 0.0000
v -8.3128 19.9200 0.0000
v -7.6200 20.3200 0.0000
v -8.3128 19.9200 0.0000
v -8.0200 19.6272 0.0000
v -7.6200 20.3200 0.0000
v -8.0200 19.6272 0.0000
v -7.6200 19.5200 0.0000
v -7.6200 20.3200 0.0000
v -7.6200 19.5200 0.0000
v -7.2200 19.6272 0.0000
v -7.6200 20.3200 0.0000
v -7.2200 19.6272 0.0000
v -6.9272 19.9200 0.0000
v -7.6200 20.3200 0.0000
v -6.9272 19.9200 0.0000
v -6.8200 20.3200 0.0000
v -7.6200 20.3200 -0.0500
v -6.9272 20.7200 -0.0500
v -6.8200 20.3200 -0.0500
v -7.6200 20.3200 -0.0500
v -7.2200 21.0128 -0.0500
v -6.9272 20.7200 -0.0500
v -7.6200 20.3200 -0.0500
v -7.6200 21.1200 -0.0500
v -7.2200 21.0128 -0.0500
v -7.6200 20.3200 -0.0500
v -8.0200 21.0128 -0.0500
v -7.6200 21.1200 -0.0500
v -7.6200 20.3200 -0.0500
v -8.3128 20.7200 -0.0500
v -8.0200 21.0128 -0.0500
v -7.6200 20.3200 -0.0500
v -8.4200 20.3200 -0.0500
v -8.3128 20.7200 -0.0500
v -7.6200 20.3200 -0.0500
v -8.3128 19.9200 -0.0500
v -8.4200 20.3200 -0.0500
v -7.6200 20.3200 -0.0500
v -8.0200 19.6272 -0.0500
v -8.3128 19.9200 -0.0500
v -7.6200 20.3200 -0.0500
v -7.6200 19.5200 -0.0500
v -8.0200 19.6272 -0.0500
v -7.6200 20.3200 -0.0500
v -7.2200 19.6272 -0.0500
v -7.6200 19.5200 -0.0500
v -7.6200 20.3200 -0.0500
v -6.9272 19.9200 -0.0500
v -7.2200 19.6272 -0.0500
v -7.6200 20.3200 -0.0500
v -6.8200 20.3200 -0.0500
v -6.9272 19.9200 -0.0500
v -9.0500 19.8200 -0.0500
v -8.7000 19.8200 -0.0500
v -8.7000 20.8200 -0.0500
v -9.0500 20.8200 -0.0500
v -9.0500 19.8200 1.2500
v -9.0500 20.8200 1.2500
v -8.7000 20.8200 1.2500
v -8.7000 19.8200 1.2500
v -9.0500 19.8200 -0.0500
v -9.0500 19.8200 1.2500
v -8.7000 19.8200 1.2500
v -8.7000 19.8200 -0.0500
v -8.7000 20.8200 -0.0500
v -8.7000 20.8200 1.2500
v -9.0500 20.8200 1.2500
v -9.0500 20.8200 -0.0500
v -9.0500 19.8200 -0.0500
v -9.0500 20.8200 -0.0500
v -9.0500 20.8200 1.2500
v -9.0500 19.8200 1.2500
v -8.7000 19.8200 -0.0500
v -8.7000 19.8200 1.2500
v -8.7000 20.8200 1.2500
v -8.7000 20.8200 -0.0500
v 8.4200 20.3200 1.2000
v 8.4200 20.3200 1.2500
v 8.3128 20.7200 1.2500
v 8.3128 20.7200 1.2000
v 8.3128 20.7200 1.2000
v 8.3128 20.7200 1.2500
v 8.0200 21.0128 1.2500
v 8.0200 21.0128 1.2000
v 8.0200 21.0128 1.2000
v 8.0200 21.0128 1.2500
v 7.6200 21.1200 1.2500
v 7.6200 21.1200 1.2000
v 7.6200 21.1200 1.2000
v 7.6200 21.1200 1.2500
v 7.2200 21.0128 1.2500
v 7.2200 21.0128 1.2000
v 7.2200 21.0128 1.2000
v 7.2200 21.0128 1.2500
v 6.9272 20.7200 1.2500
v 6.9272 20.7200 1.2000
v 6.9272 20.7200 1.2000
v 6.9272 20.7200 1.2500
v 6.8200 20.3200 1.2500
v 6.8200 20.3200 1.2000
v 6.8200 20.3200 1.2000
v 6.8200 20.3200 1.2500
v 6.9272 19.9200 1.2500
v 6.9272 19.9200 1.2000
v 6.9272 19.9200 1.2000
v 6.9272 19.9200 1.2500
v 7.2200 19.6272 1.2500
v 7.2200 19.6272 1.2000
v 7.2200 19.6272 1.2000
v 7.2200 19.6272 1.2500
v 7.6200 19.5200 1.2500
v 7.6200 19.5200 1.2000
v 7.6200 19.5200 1.2000
v 7.6200 19.5200 1.2500
v 8.0200 19.6272 1.2500
v 8.0200 19.6272 1.2000
v 8.0200 19.6272 1.2000
v 8.0200 19.6272 1.2500
v 8.3128 19.9200 1.2500
v 8.3128 19.9200 1.2000
v 8.3128 19.9200 1.2000
v 8.3128 19.9200 1.2500
v 8.4200 20.3200 1.2500
v 8.4200 20.3200 1.2000
v 7.6200 20.3200 1.2500
v 8.4200 20.3200 1.2500
v 8.3128 20.7200 1.2500
v 7.6200 20.3200 1.2500
v 8.3128 20.7200 1.2500
v 8.0200 21.0128 1.2500
v 7.6200 20.3200 1.2500
v 8.0200 21.0128 1.2500
v 7.6200 21.1200 1.2500
v 7.6200 20.3200 1.2500
v 7.6200 21.1200 1.2500
v 7.2200 21.0128 1.2500
v 7.6200 20.3200 1.2500
v 7.2200 21.0128 1.2500
v 6.9272 20.7200 1.2500
v 7.6200 20.3200 1.2500
v 6.9272 20.7200 1.2500
v 6.8200 20.3200 1.2500
v 7.6200 20.3200 1.2500
v 6.8200 20.3200 1.2500
v 6.9272 19.9200 1.2500
v 7.6200 20.3200 1.2500
v 6.9272 19.9200 1.2500
v 7.2200 19.6272 1.2500
v 7.6200 20.3200 1.2500
v 7.2200 19.6272 1.2500
v 7.6200 19.5200 1.2500
v 7.6200 20.3200 1.2500
v 7.6200 19.5200 1.2500
v 8.0200 19.6272 1.2500
v 7.6200 20.3200 1.2500
v 8.0200 19.6272 1.2500
v 8.3128 19.9200 1.2500
v 7.6200 20.3200 1.2500
v 8.3128 19.9200 1.2500
v 8.4200 20.3200 1.2500
v 7.6200 20.3200 1.2000
v 8.3128 20.7200 1.2000
v 8.4200 20.3200 1.2000
v 7.6200 20.3200 1.2000
v 8.0200 21.0128 1.2000
v 8.3128 20.7200 1.2000
v 7.6200 20.3200 1.2000
v 7.6200 21.1200 1.2000
v 8.0200 21.0128 1.2000
v 7.6200 20.3200 1.2000
v 7.2200 21.0128 1.2000
v 7.6200 21.1200 1.2000
v 7.6200 20.3200 1.2000
v 6.9272 20.7200 1.2000
v 7.2200 21.0128 1.2000
v 7.6200 20.3200 1.2000
v 6.8200 20.3200 1.2000
v 6.9272 20.7200 1.2000
v 7.6200 20.3200 1.2000
v 6.9272 19.9200 1.2000
v 6.8200 20.3200 1.2000
v 7.6200 20.3200 1.2000
v 7.2200 19.6272 1.2000
v 6.9272 19.9200 1.2000
v 7.6200 20.3200 1.2000
v 7.6200 19.5200 1.2000
v 7.2200 19.6272 1.2000
v 7.6200 20.3200 1.2000
v 8.0200 19.6272 1.2000
v 7.6200 19.5200 1.2000
v 7.6200 20.3200 1.2000
v 8.3128 19.9200 1.2000
v 8.0200 19.6272 1.2000
v 7.6200 20.3200 1.2000
v 8.4200 20.3200 1.2000
v 8.3128 19.9200 1.2000
v 8.4200 20.3200 -0.0500
v 8.4200 20.3200 0.0000
v 8.3128 20.7200 0.0000
v 8.3128 20.7200 -0.0500
v 8.3128 20.7200 -0.0500
v 8.3128 20.7200 0.0000
v 8.0200 21.0128 0.0000
v 8.0200 21.0128 -0.0500
v 8.0200 21.0128 -0.0500
v 8.0200 21.0128 0.0000
v 7.6200 21.1200 0.0000
v 7.6200 21.1200 -0.0500
v 7.6200 21.1200 -0.0500
v 7.6200 21.1200 0.0000
v 7.2200 21.0128 0.0000
v 7.2200 21.0128 -0.0500
v 7.2200 21.0128 -0.0500
v 7.2200 21.0128 0.0000
v 6.9272 20.7200 0.0000
v 6.9272 20.7200 -0.0500
v 6.9272 20.7200 -0.0500
v 6.9272 20.7200 0.0000
v 6.8200 20.3200 0.0000
v 6.8200 20.3200 -0.0500
v 6.8200 20.3200 -0.0500
v 6.8200 20.3200 0.0000
v 6.9272 19.9200 0.0000
v 6.9272 19.9200 -0.0500
v 6.9272 19.9200 -0.0500
v 6.9272 19.9200 0.0000
v 7.2200 19.6272 0.0000
v 7.2200 19.6272 -0.0500
v 7.2200 19.6272 -0.0500
v 7.2200 19.6272 0.0000
v 7.6200 19.5200 0.0000
v 7.6200 19.5200 -0.0500
v 7.6200 19.5200 -0.0500
v 7.6200 19.5200 0.0000
v 8.0200 19.6272 0.0000
v 8.0200 19.6272 -0.0500
v 8.0200 19.6272 -0.0500
v 8.0200 19.6272 0.0000
v 8.3128 19.9200 0.0000
v 8.3128 19.9200 -0.0500
v 8.3128 19.9200 -0.0500
v 8.3128 19.9200 0.0000
v 8.4200 20.3200 0.0000
v 8.4200 20.3200 -0.0500
v 7.6200 20.3200 0.0000
v 8.4200 20.3200 0.0000
v 8.3128 20.7200 0.0000
v 7.6200 20.3200 0.0000
v 8.3128 20.7200 0.0000
v 8.0200 21.0128 0.0000
v 7.6200 20.3200 0.0000
v 8.0200 21.0128 0.0000
v 7.6200 21.1200 0.0000
v 7.6200 20.3200 0.0000
v 7.6200 21.1200 0.0000
v 7.2200 21.0128 0.0000
v 7.6200 20.3200 0.0000
v 7.2200 21.0128 0.0000
v 6.9272 20.7200 0.0000
v 7.6200 20.3200 0.0000
v 6.9272 20.7200 0.0000
v 6.8200 20.3200 0.0000
v 7.6200 20.3200 0.0000
v 6.8200 20.3200 0.0000
v 6.9272 19.9200 0.0000
v 7.6200 20.3200 0.0000
v 6.9272 19.9200 0.0000
v 7.2200 19.6272 0.0000
v 7.6200 20.3200 0.0000
v 7.2200 19.6272 0.0000
v 7.6200 19.5200 0.0000
v 7.6200 20.3200 0.0000
v 7.6200 19.5200 0.0000
v 8.0200 19.6272 0.0000
v 7.6200 20.3200 0.0000
v 8.0200 19.6272 0.0000
v 8.3128 19.9200 0.0000
v 7.6200 20.3200 0.0000
v 8.3128 19.9200 0.0000
v 8.4200 20.3200 0.0000
v 7.6200 20.3200 -0.0500
v 8.3128 20.7200 -0.0500
v 8.4200 20.3200 -0.0500
v 7.6200 20.3200 -0.0500
v 8.0200 21.0128 -0.0500
v 8.3128 20.7200 -0.0500
v 7.6200 20.3200 -0.0500
v 7.6200 21.1200 -0.0500
v 8.0200 21.0128 -0.0500
v 7.6200 20.3200 -0.0500
v 7.2200 21.0128 -0.0500
v 7.6200 21.1200 -0.0500
v 7.6200 20.3200 -0.0500
v 6.9272 20.7200 -0.0500
v 7.2200 21.0128 -0.0500
v 7.6200 20.3200 -0.0500
v 6.8200 20.3200 -0.0500
v 6.9272 20.7200 -0.0500
v 7.6200 20.3200 -0.0500
v 6.9272 19.9200 -0.0500
v 6.8200 20.3200 -0.0500
v 7.6200 20.3200 -0.0500
v 7.2200 19.6272 -0.0500
v 6.9272 19.9200 -0.0500
v 7.6200 20.3200 -0.0500
v 7.6200 19.5200 -0.0500
v 7.2200 19.6272 -0.0500
v 7.6200 20.3200 -0.0500
v 8.0200 19.6272 -0.0500
v 7.6200 19.5200 -0.0500
v 7.6200 20.3200 -0.0500
v 8.3128 19.9200 -0.0500
v 8.0200 19.6272 -0.0500
v 7.6200 20.3200 -0.0500
v 8.4200 20.3200 -0.0500
v 8.3128 19.9200 -0.0500
v 8.7000 19.8200 -0.0500
v 9.0500 19.8200 -0.0500
v 9.0500 20.8200 -0.0500
v 8.7000 20.8200 -0.0500
v 8.7000 19.8200 1.2500
v 8.7000 20.8200 1.2500
v 9.0500 20.8200 1.2500
v 9.0500 19.8200 1.2500
v 8.7000 19.8200 -0.0500
v 8.7000 19.8200 1.2500
v 9.0500 19.8200 1.2500
v 9.0500 19.8200 -0.0500
v 9.0500 20.8200 -0.0500
v 9.0500 20.8200 1.2500
v 8.7000 20.8200 1.2500
v 8.7000 20.8200 -0.0500
v 8.7000 19.8200 -0.0500
v 8.7000 20.8200 -0.0500
v 8.7000 20.8200 1.2500
v 8.7000 19.8200 1.2500
v 9.0500 19.8200 -0.0500
v 9.0500 19.8200 1.2500
v 9.0500 20.8200 1.2500
v 9.0500 20.8200 -0.0500
v -6.8200 22.8600 1.2000
v -6.8200 22.8600 1.2500
v -6.9272 23.2600 1.2500
v -6.9272 23.2600 1.2000
v -6.9272 23.2600 1.2000
v -6.9272 23.2600 1.2500
v -7.2200 23.5528 1.2500
v -7.2200 23.5528 1.2000
v -7.2200 23.5528 1.2000
v -7.2200 23.5528 1.2500
v -7.6200 23.6600 1.2500
v -7.6200 23.6600 1.2000
v -7.6200 23.6600 1.2000
v -7.6200 23.6600 1.2500
v -8.0200 23.5528 1.2500
v -8.0200 23.5528 1.2000
v -8.0200 23.5528 1.2000
v -8.0200 23.5528 1.2500
v -8.3128 23.2600 1.2500
v -8.3128 23.2600 1.2000
v -8.3128 23.2600 1.2000
v -8.3128 23.2600 1.2500
v -8.4200 22.8600 1.2500
v -8.4200 22.8600 1.2000
v -8.4200 22.8600 1.2000
v -8.4200 22.8600 1.2500
v -8.3128 22.4600 1.2500
v -8.3128 22.4600 1.2000
v -8.3128 22.4600 1.2000
v -8.3128 22.4600 1.2500
v -8.0200 22.1672 1.2500
v -8.0200 22.1672 1.2000
v -8.0200 22.1672 1.2000
v -8.0200 22.1672 1.2500
v -7.6200 22.0600 1.2500
v -7.6200 22.0600 1.2000
v -7.6200 22.0600 1.2000
v -7.6200 22.0600 1.2500
v -7.2200 22.1672 1.2500
v -7.2200 22.1672 1.2000
v -7.2200 22.1672 1.2000
v -7.2200 22.1672 1.2500
v -6.9272 22.4600 1.2500
v -6.9272 22.4600 1.2000
v -6.9272 22.4600 1.2000
v -6.9272 22.4600 1.2500
v -6.8200 22.8600 1.2500
v -6.8200 22.8600 1.2000
v -7.6200 22.8600 1.2500
v -6.8200 22.8600 1.2500
v -6.9272 23.2600 1.2500
v -7.6200 22.8600 1.2500
v -6.9272 23.2600 1.2500
v -7.2200 23.5528 1.2500
v -7.6200 22.8600 1.2500
v -7.2200 23.5528 1.2500
v -7.6200 23.6600 1.2500
v -7.6200 22.8600 1.2500
v -7.6200 23.6600 1.2500
v -8.0200 23.5528 1.2500
v -7.6200 22.8600 1.2500
v -8.0200 23.5528 1.2500
v -8.3128 23.2600 1.2500
v -7.6200 22.8600 1.2500
v -8.3128 23.2600 1.2500
v -8.4200 22.8600 1.2500
v -7.6200 22.8600 1.2500
v -8.4200 22.8600 1.2500
v -8.3128 22.4600 1.2500
v -7.6200 22.8600 1.2500
v -8.3128 22.4600 1.2500
v -8.0200 22.1672 1.2500
v -7.6200 22.8600 1.2500
v -8.0200 22.1672 1.2500
v -7.6200 22.0600 1.2500
v -7.6200 22.8600 1.2500
v -7.6200 22.0600 1.2500
v -7.2200 22.1672 1.2500
v -7.6200 22.8600 1.2500
v -7.2200 22.1672 1.2500
v -6.9272 22.4600 1.2500
v -7.6200 22.8600 1.2500
v -6.9272 22.4600 1.2500
v -6.8200 22.8600 1.2500
v -7.6200 22.8600 1.2000
v -6.9272 23.2600 1.2000
v -6.8200 22.8600 1.2000
v -7.6200 22.8600 1.2000
v -7.2200 23.5528 1.2000
v -6.9272 23.2600 1.2000
v -7.6200 22.8600 1.2000
v -7.6200 23.6600 1.2000
v -7.2200 23.5528 1.2000
v -7.6200 22.8600 1.2000
v -8.0200 23.5528 1.2000
v -7.6200 23.6600 1.2000
v -7.6200 22.8600 1.2000
v -8.3128 23.2600 1.2000
v -8.0200 23.5528 1.2000
v -7.6200 22.8600 1.2000
v -8.4200 22.8600 1.2000
v -8.3128 23.2600 1.2000
v -7.6200 22.8600 1.2000
v -8.3128 22.4600 1.2000
v -8.4200 22.8600 1.2000
v -7.6200 22.8600 1.2000
v -8.0200 22.1672 1.2000
v -8.3128 22.4600 1.2000
v -7.6200 22.8600 1.2000
v -7.6200 22.0600 1.2000
v -8.0200 22.1672 1.2000
v -7.6200 22.8600 1.2000
v -7.2200 22.1672 1.2000
v -7.6200 22.0600 1.2000
v -7.6200 22.8600 1.2000
v -6.9272 22.4600 1.2000
v -7.2200 22.1672 1.2000
v -7.6200 22.8600 1.2000
v -6.8200 22.8600 1.2000
v -6.9272 22.4600 1.2000
v -6.8200 22.8600 -0.0500
v -6.8200 22.8600 0.0000
v -6.9272 23.2600 0.0000
v -6.9272 23.2600 -0.0500
v -6.9272 23.2600 -0.0500
v -6.9272 23.2600 0.0000
v -7.2200 23.5528 0.0000
v -7.2200 23.5528 -0.0500
v -7.2200 23.5528 -0.0500
v -7.2200 23.5528 0.0000
v -7.6200 23.6600 0.0000
v -7.6200 23.6600 -0.0500
v -7.6200 23.6600 -0.0500
v -7.6200 23.6600 0.0000
v -8.0200 23.5528 0.0000
v -8.0200 23.5528 -0.0500
v -8.0200 23.5528 -0.0500
v -8.0200 23.5528 0.0000
v -8.3128 23.2600 0.0000
v -8.3128 23.2600 -0.0500
v -8.3128 23.2600 -0.0500
v -8.3128 23.2600 0.0000
v -8.4200 22.8600 0.0000
v -8.4200 22.8600 -0.0500
v -8.4200 22.8600 -0.0500
v -8.4200 22.8600 0.0000
v -8.3128 22.4600 0.0000
v -8.3128 22.4600 -0.0500
v -8.3128 22.4600 -0.0500
v -8.3128 22.4600 0.0000
v -8.0200 22.1672 0.0000
v -8.0200 22.1672 -0.0500
v -8.0200 22.1672 -0.0500
v -8.0200 22.1672 0.0000
v -7.6200 22.0600 0.0000
v -7.6200 22.0600 -0.0500
v -7.6200 22.0600 -0.0500
v -7.6200 22.0600 0.0000
v -7.2200 22.1672 0.0000
v -7.2200 22.1672 -0.0500
v -7.2200 22.1672 -0.0500
v -7.2200 22.1672 0.0000
v -6.9272 22.4600 0.0000
v -6.9272 22.4600 -0.0500
v -6.9272 22.4600 -0.0500
v -6.9272 22.4600 0.0000
v -6.8200 22.8600 0.0000
v -6.8200 22.8600 -0.0500
v -7.6200 22.8600 0.0000
v -6.8200 22.8600 0.0000
v -6.9272 23.2600 0.0000
v -7.6200 22.8600 0.0000
v -6.9272 23.2600 0.0000
v -7.2200 23.5528 0.0000
v -7.6200 22.8600 0.0000
v -7.2200 23.5528 0.0000
v -7.6200 23.6600 0.0000
v -7.6200 22.8600 0.0000
v -7.6200 23.6600 0.0000
v -8.0200 23.5528 0.0000
v -7.6200 22.8600 0.0000
v -8.0200 23.5528 0.0000
v -8.3128 23.2600 0.0000
v -7.6200 22.8600 0.0000
v -8.3128 23.2600 0.0000
v -8.4200 22.8600 0.0000
v -7.6200 22.8600 0.0000
v -8.4200 22.8600 0.0000
v -8.3128 22.4600 0.0000
v -7.6200 22.8600 0.0000
v -8.3128 22.4600 0.0000
v -8.0200 22.1672 0.0000
v -7.6200 22.8600 0.0000
v -8.0200 22.1672 0.0000
v -7.6200 22.0600 0.0000
v -7.6200 22.8600 0.0000
v -7.6200 22.0600 0.0000
v -7.2200 22.1672 0.0000
v -7.6200 22.8600 0.0000
v -7.2200 22.1672 0.0000
v -6.9272 22.4600 0.0000
v -7.6200 22.8600 0.0000
v -6.9272 22.4600 0.0000
v -6.8200 22.8600 0.0000
v -7.6200 22.8600 -0.0500
v -6.9272 23.2600 -0.0500
v -6.8200 22.8600 -0.0500
v -7.6200 22.8600 -0.0500
v -7.2200 23.5528 -0.0500
v -6.9272 23.2600 -0.0500
v -7.6200 22.8600 -0.0500
v -7.6200 23.6600 -0.0500
v -7.2200 23.5528 -0.0500
v -7.6200 22.8600 -0.0500
v -8.0200 23.5528 -0.0500
v -7.6200 23.6600 -0.0500
v -7.6200 22.8600 -0.0500
v -8.3128 23.2600 -0.0500
v -8.0200 23.5528 -0.0500
v -7.6200 22.8600 -0.0500
v -8.4200 22.8600 -0.0500
v -8.3128 23.2600 -0.0500
v -7.6200 22.8600 -0.0500
v -8.3128 22.4600 -0.0500
v -8.4200 22.8600 -0.0500
v -7.6200 22.8600 -0.0500
v -8.0200 22.1672 -0.0500
v -8.3128 22.4600 -0.0500
v -7.6200 22.8600 -0.0500
v -7.6200 22.0600 -0.0500
v -8.0200 22.1672 -0.0500
v -7.6200 22.8600 -0.0500
v -7.2200 22.1672 -0.0500
v -7.6200 22.0600 -0.0500
v -7.6200 22.8600 -0.0500
v -6.9272 22.4600 -0.0500
v -7.2200 22.1672 -0.0500
v -7.6200 22.8600 -0.0500
v -6.8200 22.8600 -0.0500
v -6.9272 22.4600 -0.0500
v -9.0500 22.3600 -0.0500
v -8.7000 22.3600 -0.0500
v -8.7000 23.3600 -0.0500
v -9.0500 23.3600 -0.0500
v -9.0500 22.3600 1.2500
v -9.0500 23.3600 1.2500
v -8.7000 23.3600 1.2500
v -8.7000 22.3600 1.2500
v -9.0500 22.3600 -0.0500
v -9.0500 22.3600 1.2500
v -8.7000 22.3600 1.2500
v -8.7000 22.3600 -0.0500
v -8.7000 23.3600 -0.0500
v -8.7000 23.3600 1.2500
v -9.0500 23.3600 1.2500
v -9.0500 23.3600 -0.0500
v -9.0500 22.3600 -0.0500
v -9.0500 23.3600 -0.0500
v -9.0500 23.3600 1.2500
v -9.0500 22.3600 1.2500
v -8.7000 22.3600 -0.0500
v -8.7000 22.3600 1.2500
v -8.7000 23.3600 1.2500
v -8.7000 23.3600 -0.0500
v 8.4200 22.8600 1.2000
v 8.4200 22.8600 1.2500
v 8.3128 23.2600 1.2500
v 8.3128 23.2600 1.2000
v 8.3128 23.2600 1.2000
v 8.3128 23.2600 1.2500
v 8.0200 23.5528 1.2500
v 8.0200 23.5528 1.2000
v 8.0200 23.5528 1.2000
v 8.0200 23.5528 1.2500
v 7.6200 23.6600 1.2500
v 7.6200 23.6600 1.2000
v 7.6200 23.6600 1.2000
v 7.6200 23.6600 1.2500
v 7.2200 23.5528 1.2500
v 7.2200 23.5528 1.2000
v 7.2200 23.5528 1.2000
v 7.2200 23.5528 1.2500
v 6.9272 23.2600 1.2500
v 6.9272 23.2600 1.2000
v 6.9272 23.2600 1.2000
v 6.9272 23.2600 1.2500
v 6.8200 22.8600 1.2500
v 6.8200 22.8600 1.2000
v 6.8200 22.8600 1.2000
v 6.8200 22.8600 1.2500
v 6.9272 22.4600 1.2500
v 6.9272 22.4600 1.2000
v 6.9272 22.4600 1.2000
v 6.9272 22.4600 1.2500
v 7.2200 22.1672 1.2500
v 7.2200 22.1672 1.2000
v 7.2200 22.1672 1.2000
v 7.2200 22.1672 1.2500
v 7.6200 22.0600 1.2500
v 7.6200 22.0600 1.2000
v 7.6200 22.0600 1.2000
v 7.6200 22.0600 1.2500
v 8.0200 22.1672 1.2500
v 8.0200 22.1672 1.2000
v 8.0200 22.1672 1.2000
v 8.0200 22.1672 1.2500
v 8.3128 22.4600 1.2500
v 8.3128 22.4600 1.2000
v 8.3128 22.4600 1.2000
v 8.3128 22.4600 1.2500
v 8.4200 22.8600 1.2500
v 8.4200 22.8600 1.2000
v 7.6200 22.8600 1.2500
v 8.4200 22.8600 1.2500
v 8.3128 23.2600 1.2500
v 7.6200 22.8600 1.2500
v 8.3128 23.2600 1.2500
v 8.0200 23.5528 1.2500
v 7.6200 22.8600 1.2500
v 8.0200 23.5528 1.2500
v 7.6200 23.6600 1.2500
v 7.6200 22.8600 1.2500
v 7.6200 23.6600 1.2500
v 7.2200 23.5528 1.2500
v 7.6200 22.8600 1.2500
v 7.2200 23.5528 1.2500
v 6.9272 23.2600 1.2500
v 7.6200 22.8600 1.2500
v 6.9272 23.2600 1.2500
v 6.8200 22.8600 1.2500
v 7.6200 22.8600 1.2500
v 6.8200 22.8600 1.2500
v 6.9272 22.4600 1.2500
v 7.6200 22.8600 1.2500
v 6.9272 22.4600 1.2500
v 7.2200 22.1672 1.2500
v 7.6200 22.8600 1.2500
v 7.2200 22.1672 1.2500
v 7.6200 22.0600 1.2500
v 7.6200 22.8600 1.2500
v 7.6200 22.0600 1.2500
v 8.0200 22.1672 1.2500
v 7.6200 22.8600 1.2500
v 8.0200 22.1672 1.2500
v 8.3128 22.4600 1.2500
v 7.6200 22.8600 1.2500
v 8.3128 22.4600 1.2500
v 8.4200 22.8600 1.2500
v 7.6200 22.8600 1.2000
v 8.3128 23.2600 1.2000
v 8.4200 22.8600 1.2000
v 7.6200 22.8600 1.2000
v 8.0200 23.5528 1.2000
v 8.3128 23.2600 1.2000
v 7.6200 22.8600 1.2000
v 7.6200 23.6600 1.2000
v 8.0200 23.5528 1.2000
v 7.6200 22.8600 1.2000
v 7.2200 23.5528 1.2000
v 7.6200 23.6600 1.2000
v 7.6200 22.8600 1.2000
v 6.9272 23.2600 1.2000
v 7.2200 23.5528 1.2000
v 7.6200 22.8600 1.2000
v 6.8200 22.8600 1.2000
v 6.9272 23.2600 1.2000
v 7.6200 22.8600 1.2000
v 6.9272 22.4600 1.2000
v 6.8200 22.8600 1.2000
v 7.6200 22.8600 1.2000
v 7.2200 22.1672 1.2000
v 6.9272 22.4600 1.2000
v 7.6200 22.8600 1.2000
v 7.6200 22.0600 1.2000
v 7.2200 22.1672 1.2000
v 7.6200 22.8600 1.2000
v 8.0200 22.1672 1.2000
v 7.6200 22.0600 1.2000
v 7.6200 22.8600 1.2000
v 8.3128 22.4600 1.2000
v 8.0200 22.1672 1.2000
v 7.6200 22.8600 1.2000
v 8.4200 22.8600 1.2000
v 8.3128 22.4600 1.2000
v 8.4200 22.8600 -0.0500
v 8.4200 22.8600 0.0000
v 8.3128 23.2600 0.0000
v 8.3128 23.2600 -0.0500
v 8.3128 23.2600 -0.0500
v 8.3128 23.2600 0.0000
v 8.0200 23.5528 0.0000
v 8.0200 23.5528 -0.0500
v 8.0200 23.5528 -0.0500
v 8.0200 23.5528 0.0000
v 7.6200 23.6600 0.0000
v 7.6200 23.6600 -0.0500
v 7.6200 23.6600 -0.0500
v 7.6200 23.6600 0.0000
v 7.2200 23.5528 0.0000
v 7.2200 23.5528 -0.0500
v 7.2200 23.5528 -0.0500
v 7.2200 23.5528 0.0000
v 6.9272 23.2600 0.0000
v 6.9272 23.2600 -0.0500
v 6.9272 23.2600 -0.0500
v 6.9272 23.2600 0.0000
v 6.8200 22.8600 0.0000
v 6.8200 22.8600 -0.0500
v 6.8200 22.8600 -0.0500
v 6.8200 22.8600 0.0000
v 6.9272 22.4600 0.0000
v 6.9272 22.4600 -0.0500
v 6.9272 22.4600 -0.0500
v 6.9272 22.4600 0.0000
v 7.2200 22.1672 0.0000
v 7.2200 22.1672 -0.0500
v 7.2200 22.1672 -0.0500
v 7.2200 22.1672 0.0000
v 7.6200 22.0600 0.0000
v 7.6200 22.0600 -0.0500
v 7.6200 22.0600 -0.0500
v 7.6200 22.0600 0.0000
v 8.0200 22.1672 0.0000
v 8.0200 22.1672 -0.0500
v 8.0200 22.1672 -0.0500
v 8.0200 22.1672 0.0000
v 8.3128 22.4600 0.0000
v 8.3128 22.4600 -0.0500
v 8.3128 22.4600 -0.0500
v 8.3128 22.4600 0.0000
v 8.4200 22.8600 0.0000
v 8.4200 22.8600 -0.0500
v 7.6200 22.8600 0.0000
v 8.4200 22.8600 0.0000
v 8.3128 23.2600 0.0000
v 7.6200 22.8600 0.0000
v 8.3128 23.2600 0.0000
v 8.0200 23.5528 0.0000
v 7.6200 22.8600 0.0000
v 8.0200 23.5528 0.0000
v 7.6200 23.6600 0.0000
v 7.6200 22.8600 0.0000
v 7.6200 23.6600 0.0000
v 7.2200 23.5528 0.0000
v 7.6200 22.8600 0.0000
v 7.2200 23.5528 0.0000
v 6.9272 23.2600 0.0000
v 7.6200 22.8600 0.0000
v 6.9272 23.2600 0.0000
v 6.8200 22.8600 0.0000
v 7.6200 22.8600 0.0000
v 6.8200 22.8600 0.0000
v 6.9272 22.4600 0.0000
v 7.6200 22.8600 0.0000
v 6.9272 22.4600 0.0000
v 7.2200 22.1672 0.0000
v 7.6200 22.8600 0.0000
v 7.2200 22.1672 0.0000
v 7.6200 22.0600 0.0000
v 7.6200 22.8600 0.0000
v 7.6200 22.0600 0.0000
v 8.0200 22.1672 0.0000
v 7.6200 22.8600 0.0000
v 8.0200 22.1672 0.0000
v 8.3128 22.4600 0.0000
v 7.6200 22.8600 0.0000
v 8.3128 22.4600 0.0000
v 8.4200 22.8600 0.0000
v 7.6200 22.8600 -0.0500
v 8.3128 23.2600 -0.0500
v 8.4200 22.8600 -0.0500
v 7.6200 22.8600 -0.0500
v 8.0200 23.5528 -0.0500
v 8.3128 23.2600 -0.0500
v 7.6200 22.8600 -0.0500
v 7.6200 23.6600 -0.0500
v 8.0200 23.5528 -0.0500
v 7.6200 22.8600 -0.0500
v 7.2200 23.5528 -0.0500
v 7.6200 23.6600 -0.0500
v 7.6200 22.8600 -0.0500
v 6.9272 23.2600 -0.0500
v 7.2200 23.5528 -0.0500
v 7.6200 22.8600 -0.0500
v 6.8200 22.8600 -0.0500
v 6.9272 23.2600 -0.0500
v 7.6200 22.8600 -0.0500
v 6.9272 22.4600 -0.0500
v 6.8200 22.8600 -0.0500
v 7.6200 22.8600 -0.0500
v 7.2200 22.1672 -0.0500
v 6.9272 22.4600 -0.0500
v 7.6200 22.8600 -0.0500
v 7.6200 22.0600 -0.0500
v 7.2200 22.1672 -0.0500
v 7.6200 22.8600 -0.0500
v 8.0200 22.1672 -0.0500
v 7.6200 22.0600 -0.0500
v 7.6200 22.8600 -0.0500
v 8.3128 22.4600 -0.0500
v 8.0200 22.1672 -0.0500
v 7.6200 22.8600 -0.0500
v 8.4200 22.8600 -0.0500
v 8.3128 22.4600 -0.0500
v 8.7000 22.3600 -0.0500
v 9.0500 22.3600 -0.0500
v 9.0500 23.3600 -0.0500
v 8.7000 23.3600 -0.0500
v 8.7000 22.3600 1.2500
v 8.7000 23.3600 1.2500
v 9.0500 23.3600 1.2500
v 9.0500 22.3600 1.2500
v 8.7000 22.3600 -0.0500
v 8.7000 22.3600 1.2500
v 9.0500 22.3600 1.2500
v 9.0500 22.3600 -0.0500
v 9.0500 23.3600 -0.0500
v 9.0500 23.3600 1.2500
v 8.7000 23.3600 1.2500
v 8.7000 23.3600 -0.0500
v 8.7000 22.3600 -0.0500
v 8.7000 23.3600 -0.0500
v 8.7000 23.3600 1.2500
v 8.7000 22.3600 1.2500
v 9.0500 22.3600 -0.0500
v 9.0500 22.3600 1.2500
v 9.0500 23.3600 1.2500
v 9.0500 23.3600 -0.0500
v 1.0000 16.5000 1.2000
v 2.6000 16.5000 1.2000
v 2.6000 17.5000 1.2000
v 1.0000 17.5000 1.2000
v 1.0000 16.5000 1.8000
v 1.0000 17.5000 1.8000
v 2.6000 17.5000 1.8000
v 2.6000 16.5000 1.8000
v 1.0000 16.5000 1.2000
v 1.0000 16.5000 1.8000
v 2.6000 16.5000 1.8000
v 2.6000 16.5000 1.2000
v 2.6000 17.5000 1.2000
v 2.6000 17.5000 1.8000
v 1.0000 17.5000 1.8000
v 1.0000 17.5000 1.2000
v 1.0000 16.5000 1.2000
v 1.0000 17.5000 1.2000
v 1.0000 17.5000 1.8000
v 1.0000 16.5000 1.8000
v 2.6000 16.5000 1.2000
v 2.6000 16.5000 1.8000
v 2.6000 17.5000 1.8000
v 2.6000 17.5000 1.2000
v 0.8000 16.5000 1.2000
v 1.0000 16.5000 1.2000
v 1.0000 17.5000 1.2000
v 0.8000 17.5000 1.2000
v 0.8000 16.5000 1.8000
v 0.8000 17.5000 1.8000
v 1.0000 17.5000 1.8000
v 1.0000 16.5000 1.8000
v 0.8000 16.5000 1.2000
v 0.8000 16.5000 1.8000
v 1.0000 16.5000 1.8000
v 1.0000 16.5000 1.2000
v 1.0000 17.5000 1.2000
v 1.0000 17.5000 1.8000
v 0.8000 17.5000 1.8000
v 0.8000 17.5000 1.2000
v 0.8000 16.5000 1.2000
v 0.8000 17.5000 1.2000
v 0.8000 17.5000 1.8000
v 0.8000 16.5000 1.8000
v 1.0000 16.5000 1.2000
v 1.0000 16.5000 1.8000
v 1.0000 17.5000 1.8000
v 1.0000 17.5000 1.2000
v 2.6000 16.5000 1.2000
v 2.8000 16.5000 1.2000
v 2.8000 17.5000 1.2000
v 2.6000 17.5000 1.2000
v 2.6000 16.5000 1.8000
v 2.6000 17.5000 1.8000
v 2.8000 17.5000 1.8000
v 2.8000 16.5000 1.8000
v 2.6000 16.5000 1.2000
v 2.6000 16.5000 1.8000
v 2.8000 16.5000 1.8000
v 2.8000 16.5000 1.2000
v 2.8000 17.5000 1.2000
v 2.8000 17.5000 1.8000
v 2.6000 17.5000 1.8000
v 2.6000 17.5000 1.2000
v 2.6000 16.5000 1.2000
v 2.6000 17.5000 1.2000
v 2.6000 17.5000 1.8000
v 2.6000 16.5000 1.8000
v 2.8000 16.5000 1.2000
v 2.8000 16.5000 1.8000
v 2.8000 17.5000 1.8000
v 2.8000 17.5000 1.2000
v 3.2000 16.5000 1.2000
v 4.8000 16.5000 1.2000
v 4.8000 17.5000 1.2000
v 3.2000 17.5000 1.2000
v 3.2000 16.5000 1.8000
v 3.2000 17.5000 1.8000
v 4.8000 17.5000 1.8000
v 4.8000 16.5000 1.8000
v 3.2000 16.5000 1.2000
v 3.2000 16.5000 1.8000
v 4.8000 16.5000 1.8000
v 4.8000 16.5000 1.2000
v 4.8000 17.5000 1.2000
v 4.8000 17.5000 1.8000
v 3.2000 17.5000 1.8000
v 3.2000 17.5000 1.2000
v 3.2000 16.5000 1.2000
v 3.2000 17.5000 1.2000
v 3.2000 17.5000 1.8000
v 3.2000 16.5000 1.8000
v 4.8000 16.5000 1.2000
v 4.8000 16.5000 1.8000
v 4.8000 17.5000 1.8000
v 4.8000 17.5000 1.2000
v 3.0000 16.5000 1.2000
v 3.2000 16.5000 1.2000
v 3.2000 17.5000 1.2000
v 3.0000 17.5000 1.2000
v 3.0000 16.5000 1.8000
v 3.0000 17.5000 1.8000
v 3.2000 17.5000 1.8000
v 3.2000 16.5000 1.8000
v 3.0000 16.5000 1.2000
v 3.0000 16.5000 1.8000
v 3.2000 16.5000 1.8000
v 3.2000 16.5000 1.2000
v 3.2000 17.5000 1.2000
v 3.2000 17.5000 1.8000
v 3.0000 17.5000 1.8000
v 3.0000 17.5000 1.2000
v 3.0000 16.5000 1.2000
v 3.0000 17.5000 1.2000
v 3.0000 17.5000 1.8000
v 3.0000 16.5000 1.8000
v 3.2000 16.5000 1.2000
v 3.2000 16.5000 1.8000
v 3.2000 17.5000 1.8000
v 3.2000 17.5000 1.2000
v 4.8000 16.5000 1.2000
v 5.0000 16.5000 1.2000
v 5.0000 17.5000 1.2000
v 4.8000 17.5000 1.2000
v 4.8000 16.5000 1.8000
v 4.8000 17.5000 1.8000
v 5.0000 17.5000 1.8000
v 5.0000 16.5000 1.8000
v 4.8000 16.5000 1.2000
v 4.8000 16.5000 1.8000
v 5.0000 16.5000 1.8000
v 5.0000 16.5000 1.2000
v 5.0000 17.5000 1.2000
v 5.0000 17.5000 1.8000
v 4.8000 17.5000 1.8000
v 4.8000 17.5000 1.2000
v 4.8000 16.5000 1.2000
v 4.8000 17.5000 1.2000
v 4.8000 17.5000 1.8000
v 4.8000 16.5000 1.8000
v 5.0000 16.5000 1.2000
v 5.0000 16.5000 1.8000
v 5.0000 17.5000 1.8000
v 5.0000 17.5000 1.2000

vn 0.0000 0.0000 -1.0000
vn 0.0000 0.0000 1.0000
vn 0.0000 -1.0000 0.0000
vn 0.0000 1.0000 0.0000
vn -1.0000 0.0000 0.0000
vn 1.0000 0.0000 0.0000
vn 0.0000 0.0000 -1.0000
vn 0.0000 0.0000 1.0000
vn 0.0000 -1.0000 0.0000
vn 0.0000 1.0000 0.0000
vn -1.0000 0.0000 0.0000
vn 1.0000 0.0000 0.0000
vn 0.0000 0.0000 -1.0000
vn 0.0000 0.0000 1.0000
vn 0.0000 -1.0000 0.0000
vn 0.0000 1.0000 0.0000
vn -1.0000 0.0000 0.0000
vn 1.0000 0.0000 0.0000
vn 0.0000 0.0000 -1.0000
vn 0.0000 0.0000 1.0000
vn 0.0000 -1.0000 0.0000
vn 0.0000 1.0000 0.0000
vn -1.0000 0.0000 0.0000
vn 1.0000 0.0000 0.0000
vn 0.9659 0.2588 0.0000
vn 0.7071 0.7071 0.0000
vn 0.2588 0.9659 0.0000
vn -0.2588 0.9659 0.0000
vn -0.7071 0.7071 0.0000
vn -0.9659 0.2588 0.0000
vn -0.9659 -0.2588 0.0000
vn -0.7071 -0.7071 0.0000
vn -0.2588 -0.9659 0.0000
vn 0.2588 -0.9659 0.0000
vn 0.7071 -0.7071 0.0000
vn -0.9659 0.2588 0.0000
vn 0.0000 0.0000 1.0000
vn 0.0000 0.0000 1.0000
vn 0.0000 0.0000 1.0000
vn 0.0000 0.0000 1.0000
vn 0.0000 0.0000 1.0000
vn 0.0000 0.0000 1.0000
vn 0.0000 0.0000 1.0000
vn 0.0000 0.0000 1.0000
vn 0.0000 0.0000 1.0000
vn 0.0000 0.0000 1.0000
vn 0.0000 0.0000 1.0000
vn 0.0000 0.0000 1.0000
vn 0.0000 0.0000 -1.0000
vn 0.0000 0.0000 -1.0000
vn 0.0000 0.0000 -1.0000
vn 0.0000 0.0000 -1.0000
vn 0.0000 0.0000 -1.0000
vn 0.0000 0.0000 -1.0000
vn 0.0000 0.0000 -1.0000
vn 0.0000 0.0000 -1.0000
vn 0.0000 0.0000 -1.0000
vn 0.0000 0.0000 -1.0000
vn 0.0000 0.0000 -1.0000
vn 0.0000 0.0000 -1.0000
vn 0.0000 0.0000 -1.0000
vn 0.0000 0.0000 1.0000
vn 0.0000 -1.0000 0.0000
vn 0.0000 1.0000 0.0000
vn -1.0000 0.0000 0.0000
vn 1.0000 0.0000 0.0000
vn 0.0000 0.0000 -1.0000
vn 0.0000 0.0000 1.0000
vn 0.0000 -1.0000 0.0000
vn 0.0000 1.0000 0.0000
vn -1.0000 0.0000 0.0000
vn 1.0000 0.0000 0.0000
vn 0.9659 0.2588 0.0000
vn 0.7071 0.7071 0.0000
vn 0.2588 0.9659 0.0000
vn -0.2588 0.9659 0.0000
vn -0.7071 0.7071 0.0000
vn -0.9659 0.2588 0.0000
vn -0.9659 -0.2588 0.0000
vn -0.7071 -0.7071 0.0000
vn -0.2588 -0.9659 0.0000
vn 0.2588 -0.9659 0.0000
vn 0.7071 -0.7071 0.0000
vn -0.9659 0.2588 0.0000
vn 0.0000 0.0000 1.0000
vn 0.0000 0.0000 1.0000
vn 0.0000 0.0000 1.0000
vn 0.0000 0.0000 1.0000
vn 0.0000 0.0000 1.0000
vn 0.0000 0.0000 1.0000
vn 0.0000 0.0000 1.0000
vn 0.0000 0.0000 1.0000
vn 0.0000 0.0000 1.0000
vn 0.0000 0.0000 1.0000
vn 0.0000 0.0000 1.0000
vn 0.0000 0.0000 1.0000
vn 0.0000 0.0000 -1.0000
vn 0.0000 0.0000 -1.0000
vn 0.0000 0.0000 -1.0000
vn 0.0000 0.0000 -1.0000
vn 0.0000 0.0000 -1.0000
vn 0.0000 0.0000 -1.0000
vn 0.0000 0.0000 -1.0000
vn 0.0000 0.0000 -1.0000
vn 0.0000 0.0000 -1.0000
vn 0.0000 0.0000 -1.0000
vn 0.0000 0.0000 -1.0000
vn 0.0000 0.0000 -1.0000
vn 0.0000 0.0000 -1.0000
vn 0.0000 0.0000 1.0000
vn 0.0000 -1.0000 0.0000
vn 0.0000 1.0000 0.0000
vn -1.0000 0.0000 0.0000
vn 1.0000 0.0000 0.0000
vn 0.9659 0.2588 0.0000
vn 0.7071 0.7071 0.0000
vn 0.2588 0.9659 0.0000
vn -0.2588 0.9659 0.0000
vn -0.7071 0.7071 0.0000
vn -0.9659 0.2588 0.0000
vn -0.9659 -0.2588 0.0000
vn -0.7071 -0.7071 0.0000
vn -0.2588 -0.9659 0.0000
vn 0.2588 -0.9659 0.0000
vn 0.7071 -0.7071 0.0000
vn -0.9659 0.2588 0.0000
vn 0.0000 0.0000 1.0000
vn 0.0000 0.0000 1.0000
vn 0.0000 0.0000 1.0000
vn 0.0000 0.0000 1.0000
vn 0.0000 0.0000 1.0000
vn 0.0000 0.0000 1.0000
vn 0.0000 0.0000 1.0000
vn 0.0000 0.0000 1.0000
vn 0.0000 0.0000 1.0000
vn 0.0000 0.0000 1.0000
vn 0.0000 0.0000 1.0000
vn 0.0000 0.0000 1.0000
vn 0.0000 0.0000 -1.0000
vn 0.0000 0.0000 -1.0000
vn 0.0000 0.0000 -1.0000
vn 0.0000 0.0000 -1.0000
vn 0.0000 0.0000 -1.0000
vn 0.0000 0.0000 -1.0000
vn 0.0000 0.0000 -1.0000
vn 0.0000 0.0000 -1.0000
vn 0.0000 0.0000 -1.0000
vn 0.0000 0.0000 -1.0000
vn 0.0000 0.0000 -1.0000
vn 0.0000 0.0000 -1.0000
vn 0.0000 0.0000 -1.0000
vn 0.0000 0.0000 1.0000
vn 0.0000 -1.0000 0.0000
vn 0.0000 1.0000 0.0000
vn -1.0000 0.0000 0.0000
vn 1.0000 0.0000 0.0000
vn 0.9659 0.2588 0.0000
vn 0.7071 0.7071 0.0000
vn 0.2588 0.9659 0.0000
vn -0.2588 0.9659 0.0000
vn -0.7071 0.7071 0.0000
vn -0.9659 0.2588 0.0000
vn -0.9659 -0.2588 0.0000
vn -0.7071 -0.7071 0.0000
vn -0.2588 -0.9659 0.0000
vn 0.2588 -0.9659 0.0000
vn 0.7071 -0.7071 0.0000
vn -0.9659 0.2588 0.0000
vn 0.0000 0.0000 1.0000
vn 0.0000 0.0000 1.0000
vn 0.0000 0.0000 1.0000
vn 0.0000 0.0000 1.0000
vn 0.0000 0.0000 1.0000
vn 0.0000 0.0000 1.0000
vn 0.0000 0.0000 1.0000
vn 0.0000 0.0000 1.0000
vn 0.0000 0.0000 1.0000
vn 0.0000 0.0000 1.0000
vn 0.0000 0.0000 1.0000
vn 0.0000 0.0000 1.0000
vn 0.0000 0.0000 -1.0000
vn 0.0000 0.0000 -1.0000
vn 0.0000 0.0000 -1.0000
vn 0.0000 0.0000 -1.0000
vn 0.0000 0.0000 -1.0000
vn 0.0000 0.0000 -1.0000
vn 0.0000 0.0000 -1.0000
vn 0.0000 0.0000 -1.0000
vn 0.0000 0.0000 -1.0000
vn 0.0000 0.0000 -1.0000
vn 0.0000 0.0000 -1.0000
vn 0.0000 0.0000 -1.0000
vn 0.9659 0.2588 0.0000
vn 0.7071 0.7071 0.0000
vn 0.2588 0.9659 0.0000
vn -0.2588 0.9659 0.0000
vn -0.7071 0.7071 0.0000
vn -0.9659 0.2588 0.0000
vn -0.9659 -0.2588 0.0000
vn -0.7071 -0.7071 0.0000
vn -0.2588 -0.9659 0.0000
vn 0.2588 -0.9659 0.0000
vn 0.7071 -0.7071 0.0000
vn -0.9659 0.2588 0.0000
vn 0.0000 0.0000 1.0000
vn 0.0000 0.0000 1.0000
vn 0.0000 0.0000 1.0000
vn 0.0000 0.0000 1.0000
vn 0.0000 0.0000 1.0000
vn 0.0000 0.0000 1.0000
vn 0.0000 0.0000 1.0000
vn 0.0000 0.0000 1.0000
vn 0.0000 0.0000 1.0000
vn 0.0000 0.0000 1.0000
vn 0.0000 0.0000 1.0000
vn 0.0000 0.0000 1.0000
vn 0.0000 0.0000 -1.0000
vn 0.0000 0.0000 -1.0000
vn 0.0000 0.0000 -1.0000
vn 0.0000 0.0000 -1.0000
vn 0.0000 0.0000 -1.0000
vn 0.0000 0.0000 -1.0000
vn 0.0000 0.0000 -1.0000
vn 0.0000 0.0000 -1.0000
vn 0.0000 0.0000 -1.0000
vn 0.0000 0.0000 -1.0000
vn 0.0000 0.0000 -1.0000
vn 0.0000 0.0000 -1.0000
vn 0.9659 0.2588 0.0000
vn 0.7071 0.7071 0.0000
vn 0.2588 0.9659 0.0000
vn -0.2588 0.9659 0.0000
vn -0.7071 0.7071 0.0000
vn -0.9659 0.2588 0.0000
vn -0.9659 -0.2588 0.0000
vn -0.7071 -0.7071 0.0000
vn -0.2588 -0.9659 0.0000
vn 0.2588 -0.9659 0.0000
vn 0.7071 -0.7071 0.0000
vn -0.9659 0.2588 0.0000
vn 0.0000 0.0000 1.0000
vn 0.0000 0.0000 1.0000
vn 0.0000 0.0000 1.0000
vn 0.0000 0.0000 1.0000
vn 0.0000 0.0000 1.0000
vn 0.0000 0.0000 1.0000
vn 0.0000 0.0000 1.0000
vn 0.0000 0.0000 1.0000
vn 0.0000 0.0000 1.0000
vn 0.0000 0.0000 1.0000
vn 0.0000 0.0000 1.0000
vn 0.0000 0.0000 1.0000
vn 0.0000 0.0000 -1.0000
vn 0.0000 0.0000 -1.0000
vn 0.0000 0.0000 -1.0000
vn 0.0000 0.0000 -1.0000
vn 0.0000 0.0000 -1.0000
vn 0.0000 0.0000 -1.0000
vn 0.0000 0.0000 -1.0000
vn 0.0000 0.0000 -1.0000
vn 0.0000 0.0000 -1.0000
vn 0.0000 0.0000 -1.0000
vn 0.0000 0.0000 -1.0000
vn 0.0000 0.0000 -1.0000
vn 0.0000 0.0000 -1.0000
vn 0.0000 0.0000 1.0000
vn 0.0000 -1.0000 0.0000
vn 0.0000 1.0000 0.0000
vn -1.0000 0.0000 0.0000
vn 1.0000 0.0000 0.0000
vn 0.9659 0.2588 0.0000
vn 0.7071 0.7071 0.0000
vn 0.2588 0.9659 0.0000
vn -0.2588 0.9659 0.0000
vn -0.7071 0.7071 0.0000
vn -0.9659 0.2588 0.0000
vn -0.9659 -0.2588 0.0000
vn -0.7071 -0.7071 0.0000
vn -0.2588 -0.9659 0.0000
vn 0.2588 -0.9659 0.0000
vn 0.7071 -0.7071 0.0000
vn -0.9659 0.2588 0.0000
vn 0.0000 0.0000 1.0000
vn 0.0000 0.0000 1.0000
vn 0.0000 0.0000 1.0000
vn 0.0000 0.0000 1.0000
vn 0.0000 0.0000 1.0000
vn 0.0000 0.0000 1.0000
vn 0.0000 0.0000 1.0000
vn 0.0000 0.0000 1.0000
vn 0.0000 0.0000 1.0000
vn 0.0000 0.0000 1.0000
vn 0.0000 0.0000 1.0000
vn 0.0000 0.0000 1.0000
vn 0.0000 0.0000 -1.0000
vn 0.0000 0.0000 -1.0000
vn 0.0000 0.0000 -1.0000
vn 0.0000 0.0000 -1.0000
vn 0.0000 0.0000 -1.0000
vn 0.0000 0.0000 -1.0000
vn 0.0000 0.0000 -1.0000
vn 0.0000 0.0000 -1.0000
vn 0.0000 0.0000 -1.0000
vn 0.0000 0.0000 -1.0000
vn 0.0000 0.0000 -1.0000
vn 0.0000 0.0000 -1.0000
vn 0.9659 0.2588 0.0000
vn 0.7071 0.7071 0.0000
vn 0.2588 0.9659 0.0000
vn -0.2588 0.9659 0.0000
vn -0.7071 0.7071 0.0000
vn -0.9659 0.2588 0.0000
vn -0.9659 -0.2588 0.0000
vn -0.7071 -0.7071 0.0000
vn -0.2588 -0.9659 0.0000
vn 0.2588 -0.9659 0.0000
vn 0.7071 -0.7071 0.0000
vn -0.9659 0.2588 0.0000
vn 0.0000 0.0000 1.0000
vn 0.0000 0.0000 1.0000
vn 0.0000 0.0000 1.0000
vn 0.0000 0.0000 1.0000
vn 0.0000 0.0000 1.0000
vn 0.0000 0.0000 1.0000
vn 0.0000 0.0000 1.0000
vn 0.0000 0.0000 1.0000
vn 0.0000 0.0000 1.0000
vn 0.0000 0.0000 1.0000
vn 0.0000 0.0000 1.0000
vn 0.0000 0.0000 1.0000
vn 0.0000 0.0000 -1.0000
vn 0.0000 0.0000 -1.0000
vn 0.0000 0.0000 -1.0000
vn 0.0000 0.0000 -1.0000
vn 0.0000 0.0000 -1.0000
vn 0.0000 0.0000 -1.0000
vn 0.0000 0.0000 -1.0000
vn 0.0000 0.0000 -1.0000
vn 0.0000 0.0000 -1.0000
vn 0.0000 0.0000 -1.0000
vn 0.0000 0.0000 -1.0000
vn 0.0000 0.0000 -1.0000
vn 0.0000 0.0000 -1.0000
vn 0.0000 0.0000 1.0000
vn 0.0000 -1.0000 0.0000
vn 0.0000 1.0000 0.0000
vn -1.0000 0.0000 0.0000
vn 1.0000 0.0000 0.0000
vn 0.9659 0.2588 0.0000
vn 0.7071 0.7071 0.0000
vn 0.2588 0.9659 0.0000
vn -0.2588 0.9659 0.0000
vn -0.7071 0.7071 0.0000
vn -0.9659 0.2588 0.0000
vn -0.9659 -0.2588 0.0000
vn -0.7071 -0.7071 0.0000
vn -0.2588 -0.9659 0.0000
vn 0.2588 -0.9659 0.0000
vn 0.7071 -0.7071 0.0000
vn -0.9659 0.2588 0.0000
vn 0.0000 0.0000 1.0000
vn 0.0000 0.0000 1.0000
vn 0.0000 0.0000 1.0000
vn 0.0000 0.0000 1.0000
vn 0.0000 0.0000 1.0000
vn 0.0000 0.0000 1.0000
vn 0.0000 0.0000 1.0000
vn 0.0000 0.0000 1.0000
vn 0.0000 0.0000 1.0000
vn 0.0000 0.0000 1.0000
vn 0.0000 0.0000 1.0000
vn 0.0000 0.0000 1.0000
vn 0.0000 0.0000 -1.0000
vn 0.0000 0.0000 -1.0000
vn 0.0000 0.0000 -1.0000
vn 0.0000 0.0000 -1.0000
vn 0.0000 0.0000 -1.0000
vn 0.0000 0.0000 -1.0000
vn 0.0000 0.0000 -1.0000
vn 0.0000 0.0000 -1.0000
vn 0.0000 0.0000 -1.0000
vn 0.0000 0.0000 -1.0000
vn 0.0000 0.0000 -1.0000
vn 0.0000 0.0000 -1.0000
vn 0.9659 0.2588 0.0000
vn 0.7071 0.7071 0.0000
vn 0.2588 0.9659 0.0000
vn -0.2588 0.9659 0.0000
vn -0.7071 0.7071 0.0000
vn -0.9659 0.2588 0.0000
vn -0.9659 -0.2588 0.0000
vn -0.7071 -0.7071 0.0000
vn -0.2588 -0.9659 0.0000
vn 0.2588 -0.9659 0.0000
vn 0.7071 -0.7071 0.0000
vn -0.9659 0.2588 0.0000
vn 0.0000 0.0000 1.0000
vn 0.0000 0.0000 1.0000
vn 0.0000 0.0000 1.0000
vn 0.0000 0.0000 1.0000
vn 0.0000 0.0000 1.0000
vn 0.0000 0.0000 1.0000
vn 0.0000 0.0000 1.0000
vn 0.0000 0.0000 1.0000
vn 0.0000 0.0000 1.0000
vn 0.0000 0.0000 1.0000
vn 0.0000 0.0000 1.0000
vn 0.0000 0.0000 1.0000
vn 0.0000 0.0000 -1.0000
vn 0.0000 0.0000 -1.0000
vn 0.0000 0.0000 -1.0000
vn 0.0000 0.0000 -1.0000
vn 0.0000 0.0000 -1.0000
vn 0.0000 0.0000 -1.0000
vn 0.0000 0.0000 -1.0000
vn 0.0000 0.0000 -1.0000
vn 0.0000 0.0000 -1.0000
vn 0.0000 0.0000 -1.0000
vn 0.0000 0.0000 -1.0000
vn 0.0000 0.0000 -1.0000
vn 0.0000 0.0000 -1.0000
vn 0.0000 0.0000 1.0000
vn 0.0000 -1.0000 0.0000
vn 0.0000 1.0000 0.0000
vn -1.0000 0.0000 0.0000
vn 1.0000 0.0000 0.0000
vn 0.9659 0.2588 0.0000
vn 0.7071 0.7071 0.0000
vn 0.2588 0.9659 0.0000
vn -0.2588 0.9659 0.0000
vn -0.7071 0.7071 0.0000
vn -0.9659 0.2588 0.0000
vn -0.9659 -0.2588 0.0000
vn -0.7071 -0.7071 0.0000
vn -0.2588 -0.9659 0.0000
vn 0.2588 -0.9659 0.0000
vn 0.7071 -0.7071 0.0000
vn -0.9659 0.2588 0.0000
vn 0.0000 0.0000 1.0000
vn 0.0000 0.0000 1.0000
vn 0.0000 0.0000 1.0000
vn 0.0000 0.0000 1.0000
vn 0.0000 0.0000 1.0000
vn 0.0000 0.0000 1.0000
vn 0.0000 0.0000 1.0000
vn 0.0000 0.0000 1.0000
vn 0.0000 0.0000 1.0000
vn 0.0000 0.0000 1.0000
vn 0.0000 0.0000 1.0000
vn 0.0000 0.0000 1.0000
vn 0.0000 0.0000 -1.0000
vn 0.0000 0.0000 -1.0000
vn 0.0000 0.0000 -1.0000
vn 0.0000 0.0000 -1.0000
vn 0.0000 0.0000 -1.0000
vn 0.0000 0.0000 -1.0000
vn 0.0000 0.0000 -1.0000
vn 0.0000 0.0000 -1.0000
vn 0.0000 0.0000 -1.0000
vn 0.0000 0.0000 -1.0000
vn 0.0000 0.0000 -1.0000
vn 0.0000 0.0000 -1.0000
vn 0.9659 0.2588 0.0000
vn 0.7071 0.7071 0.0000
vn 0.2588 0.9659 0.0000
vn -0.2588 0.9659 0.0000
vn -0.7071 0.7071 0.0000
vn -0.9659 0.2588 0.0000
vn -0.9659 -0.2588 0.0000
vn -0.7071 -0.7071 0.0000
vn -0.2588 -0.9659 0.0000
vn 0.2588 -0.9659 0.0000
vn 0.7071 -0.7071 0.0000
vn -0.9659 0.2588 0.0000
vn 0.0000 0.0000 1.0000
vn 0.0000 0.0000 1.0000
vn 0.0000 0.0000 1.0000
vn 0.0000 0.0000 1.0000
vn 0.0000 0.0000 1.0000
vn 0.0000 0.0000 1.0000
vn 0.0000 0.0000 1.0000
vn 0.0000 0.0000 1.0000
vn 0.0000 0.0000 1.0000
vn 0.0000 0.0000 1.0000
vn 0.0000 0.0000 1.0000
vn 0.0000 0.0000 1.0000
vn 0.0000 0.0000 -1.0000
vn 0.0000 0.0000 -1.0000
vn 0.0000 0.0000 -1.0000
vn 0.0000 0.0000 -1.0000
vn 0.0000 0.0000 -1.0000
vn 0.0000 0.0000 -1.0000
vn 0.0000 0.0000 -1.0000
vn 0.0000 0.0000 -1.0000
vn 0.0000 0.0000 -1.0000
vn 0.0000 0.0000 -1.0000
vn 0.0000 0.0000 -1.0000
vn 0.0000 0.0000 -1.0000
vn 0.0000 0.0000 -1.0000
vn 0.0000 0.0000 1.0000
vn 0.0000 -1.0000 0.0000
vn 0.0000 1.0000 0.0000
vn -1.0000 0.0000 0.0000
vn 1.0000 0.0000 0.0000
vn 0.9659 0.2588 0.0000
vn 0.7071 0.7071 0.0000
vn 0.2588 0.9659 0.0000
vn -0.2588 0.9659 0.0000
vn -0.7071 0.7071 0.0000
vn -0.9659 0.2588 0.0000
vn -0.9659 -0.2588 0.0000
vn -0.7071 -0.7071 0.0000
vn -0.2588 -0.9659 0.0000
vn 0.2588 -0.9659 0.0000
vn 0.7071 -0.7071 0.0000
vn -0.9659 0.2588 0.0000
vn 0.0000 0.0000 1.0000
vn 0.0000 0.0000 1.0000
vn 0.0000 0.0000 1.0000
vn 0.0000 0.0000 1.0000
vn 0.0000 0.0000 1.0000
vn 0.0000 0.0000 1.0000
vn 0.0000 0.0000 1.0000
vn 0.0000 0.0000 1.0000
vn 0.0000 0.0000 1.0000
vn 0.0000 0.0000 1.0000
vn 0.0000 0.0000 1.0000
vn 0.0000 0.0000 1.0000
vn 0.0000 0.0000 -1.0000
vn 0.0000 0.0000 -1.0000
vn 0.0000 0.0000 -1.0000
vn 0.0000 0.0000 -1.0000
vn 0.0000 0.0000 -1.0000
vn 0.0000 0.0000 -1.0000
vn 0.0000 0.0000 -1.0000
vn 0.0000 0.0000 -1.0000
vn 0.0000 0.0000 -1.0000
vn 0.0000 0.0000 -1.0000
vn 0.0000 0.0000 -1.0000
vn 0.0000 0.0000 -1.0000
vn 0.9659 0.2588 0.0000
vn 0.7071 0.7071 0.0000
vn 0.2588 0.9659 0.0000
vn -0.2588 0.9659 0.0000
vn -0.7071 0.7071 0.0000
vn -0.9659 0.2588 0.0000
vn -0.9659 -0.2588 0.0000
vn -0.7071 -0.7071 0.0000
vn -0.2588 -0.9659 0.0000
vn 0.2588 -0.9659 0.0000
vn 0.7071 -0.7071 0.0000
vn -0.9659 0.2588 0.0000
vn 0.0000 0.0000 1.0000
vn 0.0000 0.0000 1.0000
vn 0.0000 0.0000 1.0000
vn 0.0000 0.0000 1.0000
vn 0.0000 0.0000 1.0000
vn 0.0000 0.0000 1.0000
vn 0.0000 0.0000 1.0000
vn 0.0000 0.0000 1.0000
vn 0.0000 0.0000 1.0000
vn 0.0000 0.0000 1.0000
vn 0.0000 0.0000 1.0000
vn 0.0000 0.0000 1.0000
vn 0.0000 0.0000 -1.0000
vn 0.0000 0.0000 -1.0000
vn 0.0000 0.0000 -1.0000
vn 0.0000 0.0000 -1.0000
vn 0.0000 0.0000 -1.0000
vn 0.0000 0.0000 -1.0000
vn 0.0000 0.0000 -1.0000
vn 0.0000 0.0000 -1.0000
vn 0.0000 0.0000 -1.0000
vn 0.0000 0.0000 -1.0000
vn 0.0000 0.0000 -1.0000
vn 0.0000 0.0000 -1.0000
vn 0.0000 0.0000 -1.0000
vn 0.0000 0.0000 1.0000
vn 0.0000 -1.0000 0.0000
vn 0.0000 1.0000 0.0000
vn -1.0000 0.0000 0.0000
vn 1.0000 0.0000 0.0000
vn 0.9659 0.2588 0.0000
vn 0.7071 0.7071 0.0000
vn 0.2588 0.9659 0.0000
vn -0.2588 0.9659 0.0000
vn -0.7071 0.7071 0.0000
vn -0.9659 0.2588 0.0000
vn -0.9659 -0.2588 0.0000
vn -0.7071 -0.7071 0.0000
vn -0.2588 -0.9659 0.0000
vn 0.2588 -0.9659 0.0000
vn 0.7071 -0.7071 0.0000
vn -0.9659 0.2588 0.0000
vn 0.0000 0.0000 1.0000
vn 0.0000 0.0000 1.0000
vn 0.0000 0.0000 1.0000
vn 0.0000 0.0000 1.0000
vn 0.0000 0.0000 1.0000
vn 0.0000 0.0000 1.0000
vn 0.0000 0.0000 1.0000
vn 0.0000 0.0000 1.0000
vn 0.0000 0.0000 1.0000
vn 0.0000 0.0000 1.0000
vn 0.0000 0.0000 1.0000
vn 0.0000 0.0000 1.0000
vn 0.0000 0.0000 -1.0000
vn 0.0000 0.0000 -1.0000
vn 0.0000 0.0000 -1.0000
vn 0.0000 0.0000 -1.0000
vn 0.0000 0.0000 -1.0000
vn 0.0000 0.0000 -1.0000
vn 0.0000 0.0000 -1.0000
vn 0.0000 0.0000 -1.0000
vn 0.0000 0.0000 -1.0000
vn 0.0000 0.0000 -1.0000
vn 0.0000 0.0000 -1.0000
vn 0.0000 0.0000 -1.0000
vn 0.9659 0.2588 0.0000
vn 0.7071 0.7071 0.0000
vn 0.2588 0.9659 0.0000
vn -0.2588 0.9659 0.0000
vn -0.7071 0.7071 0.0000
vn -0.9659 0.2588 0.0000
vn -0.9659 -0.2588 0.0000
vn -0.7071 -0.7071 0.0000
vn -0.2588 -0.9659 0.0000
vn 0.2588 -0.9659 0.0000
vn 0.7071 -0.7071 0.0000
vn -0.9659 0.2588 0.0000
vn 0.0000 0.0000 1.0000
vn 0.0000 0.0000 1.0000
vn 0.0000 0.0000 1.0000
vn 0.0000 0.0000 1.0000
vn 0.0000 0.0000 1.0000
vn 0.0000 0.0000 1.0000
vn 0.0000 0.0000 1.0000
vn 0.0000 0.0000 1.0000
vn 0.0000 0.0000 1.0000
vn 0.0000 0.0000 1.0000
vn 0.0000 0.0000 1.0000
vn 0.0000 0.0000 1.0000
vn 0.0000 0.0000 -1.0000
vn 0.0000 0.0000 -1.0000
vn 0.0000 0.0000 -1.0000
vn 0.0000 0.0000 -1.0000
vn 0.0000 0.0000 -1.0000
vn 0.0000 0.0000 -1.0000
vn 0.0000 0.0000 -1.0000
vn 0.0000 0.0000 -1.0000
vn 0.0000 0.0000 -1.0000
vn 0.0000 0.0000 -1.0000
vn 0.0000 0.0000 -1.0000
vn 0.0000 0.0000 -1.0000
vn 0.0000 0.0000 -1.0000
vn 0.0000 0.0000 1.0000
vn 0.0000 -1.0000 0.0000
vn 0.0000 1.0000 0.0000
vn -1.0000 0.0000 0.0000
vn 1.0000 0.0000 0.0000
vn 0.9659 0.2588 0.0000
vn 0.7071 0.7071 0.0000
vn 0.2588 0.9659 0.0000
vn -0.2588 0.9659 0.0000
vn -0.7071 0.7071 0.0000
vn -0.9659 0.2588 0.0000
vn -0.9659 -0.2588 0.0000
vn -0.7071 -0.7071 0.0000
vn -0.2588 -0.9659 0.0000
vn 0.2588 -0.9659 0.0000
vn 0.7071 -0.7071 0.0000
vn -0.9659 0.2588 0.0000
vn 0.0000 0.0000 1.0000
vn 0.0000 0.0000 1.0000
vn 0.0000 0.0000 1.0000
vn 0.0000 0.0000 1.0000
vn 0.0000 0.0000 1.0000
vn 0.0000 0.0000 1.0000
vn 0.0000 0.0000 1.0000
vn 0.0000 0.0000 1.0000
vn 0.0000 0.0000 1.0000
vn 0.0000 0.0000 1.0000
vn 0.0000 0.0000 1.0000
vn 0.0000 0.0000 1.0000
vn 0.0000 0.0000 -1.0000
vn 0.0000 0.0000 -1.0000
vn 0.0000 0.0000 -1.0000
vn 0.0000 0.0000 -1.0000
vn 0.0000 0.0000 -1.0000
vn 0.0000 0.0000 -1.0000
vn 0.0000 0.0000 -1.0000
vn 0.0000 0.0000 -1.0000
vn 0.0000 0.0000 -1.0000
vn 0.0000 0.0000 -1.0000
vn 0.0000 0.0000 -1.0000
vn 0.0000 0.0000 -1.0000
vn 0.9659 0.2588 0.0000
vn 0.7071 0.7071 0.0000
vn 0.2588 0.9659 0.0000
vn -0.2588 0.9659 0.0000
vn -0.7071 0.7071 0.0000
vn -0.9659 0.2588 0.0000
vn -0.9659 -0.2588 0.0000
vn -0.7071 -0.7071 0.0000
vn -0.2588 -0.9659 0.0000
vn 0.2588 -0.9659 0.0000
vn 0.7071 -0.7071 0.0000
vn -0.9659 0.2588 0.0000
vn 0.0000 0.0000 1.0000
vn 0.0000 0.0000 1.0000
vn 0.0000 0.0000 1.0000
vn 0.0000 0.0000 1.0000
vn 0.0000 0.0000 1.0000
vn 0.0000 0.0000 1.0000
vn 0.0000 0.0000 1.0000
vn 0.0000 0.0000 1.0000
vn 0.0000 0.0000 1.0000
vn 0.0000 0.0000 1.0000
vn 0.0000 0.0000 1.0000
vn 0.0000 0.0000 1.0000
vn 0.0000 0.0000 -1.0000
vn 0.0000 0.0000 -1.0000
vn 0.0000 0.0000 -1.0000
vn 0.0000 0.0000 -1.0000
vn 0.0000 0.0000 -1.0000
vn 0.0000 0.0000 -1.0000
vn 0.0000 0.0000 -1.0000
vn 0.0000 0.0000 -1.0000
vn 0.0000 0.0000 -1.0000
vn 0.0000 0.0000 -1.0000
vn 0.0000 0.0000 -1.0000
vn 0.0000 0.0000 -1.0000
vn 0.0000 0.0000 -1.0000
vn 0.0000 0.0000 1.0000
vn 0.0000 -1.0000 0.0000
vn 0.0000 1.0000 0.0000
vn -1.0000 0.0000 0.0000
vn 1.0000 0.0000 0.0000
vn 0.9659 0.2588 0.0000
vn 0.7071 0.7071 0.0000
vn 0.2588 0.9659 0.0000
vn -0.2588 0.9659 0.0000
vn -0.7071 0.7071 0.0000
vn -0.9659 0.2588 0.0000
vn -0.9659 -0.2588 0.0000
vn -0.7071 -0.7071 0.0000
vn -0.2588 -0.9659 0.0000
vn 0.2588 -0.9659 0.0000
vn 0.7071 -0.7071 0.0000
vn -0.9659 0.2588 0.0000
vn 0.0000 0.0000 1.0000
vn 0.0000 0.0000 1.0000
vn 0.0000 0.0000 1.0000
vn 0.0000 0.0000 1.0000
vn 0.0000 0.0000 1.0000
vn 0.0000 0.0000 1.0000
vn 0.0000 0.0000 1.0000
vn 0.0000 0.0000 1.0000
vn 0.0000 0.0000 1.0000
vn 0.0000 0.0000 1.0000
vn 0.0000 0.0000 1.0000
vn 0.0000 0.0000 1.0000
vn 0.0000 0.0000 -1.0000
vn 0.0000 0.0000 -1.0000
vn 0.0000 0.0000 -1.0000
vn 0.0000 0.0000 -1.0000
vn 0.0000 0.0000 -1.0000
vn 0.0000 0.0000 -1.0000
vn 0.0000 0.0000 -1.0000
vn 0.0000 0.0000 -1.0000
vn 0.0000 0.0000 -1.0000
vn 0.0000 0.0000 -1.0000
vn 0.0000 0.0000 -1.0000
vn 0.0000 0.0000 -1.0000
vn 0.9659 0.2588 0.0000
vn 0.7071 0.7071 0.0000
vn 0.2588 0.9659 0.0000
vn -0.2588 0.9659 0.0000
vn -0.7071 0.7071 0.0000
vn -0.9659 0.2588 0.0000
vn -0.9659 -0.2588 0.0000
vn -0.7071 -0.7071 0.0000
vn -0.2588 -0.9659 0.0000
vn 0.2588 -0.9659 0.0000
vn 0.7071 -0.7071 0.0000
vn -0.9659 0.2588 0.0000
vn 0.0000 0.0000 1.0000
vn 0.0000 0.0000 1.0000
vn 0.0000 0.0000 1.0000
vn 0.0000 0.0000 1.0000
vn 0.0000 0.0000 1.0000
vn 0.0000 0.0000 1.0000
vn 0.0000 0.0000 1.0000
vn 0.0000 0.0000 1.0000
vn 0.0000 0.0000 1.0000
vn 0.0000 0.0000 1.0000
vn 0.0000 0.0000 1.0000
vn 0.0000 0.0000 1.0000
vn 0.0000 0.0000 -1.0000
vn 0.0000 0.0000 -1.0000
vn 0.0000 0.0000 -1.0000
vn 0.0000 0.0000 -1.0000
vn 0.0000 0.0000 -1.0000
vn 0.0000 0.0000 -1.0000
vn 0.0000 0.0000 -1.0000
vn 0.0000 0.0000 -1.0000
vn 0.0000 0.0000 -1.0000
vn 0.0000 0.0000 -1.0000
vn 0.0000 0.0000 -1.0000
vn 0.0000 0.0000 -1.0000
vn 0.0000 0.0000 -1.0000
vn 0.0000 0.0000 1.0000
vn 0.0000 -1.0000 0.0000
vn 0.0000 1.0000 0.0000
vn -1.0000 0.0000 0.0000
vn 1.0000 0.0000 0.0000
vn 0.9659 0.2588 0.0000
vn 0.7071 0.7071 0.0000
vn 0.2588 0.9659 0.0000
vn -0.2588 0.9659 0.0000
vn -0.7071 0.7071 0.0000
vn -0.9659 0.2588 0.0000
vn -0.9659 -0.2588 0.0000
vn -0.7071 -0.7071 0.0000
vn -0.2588 -0.9659 0.0000
vn 0.2588 -0.9659 0.0000
vn 0.7071 -0.7071 0.0000
vn -0.9659 0.2588 0.0000
vn 0.0000 0.0000 1.0000
vn 0.0000 0.0000 1.0000
vn 0.0000 0.0000 1.0000
vn 0.0000 0.0000 1.0000
vn 0.0000 0.0000 1.0000
vn 0.0000 0.0000 1.0000
vn 0.0000 0.0000 1.0000
vn 0.0000 0.0000 1.0000
vn 0.0000 0.0000 1.0000
vn 0.0000 0.0000 1.0000
vn 0.0000 0.0000 1.0000
vn 0.0000 0.0000 1.0000
vn 0.0000 0.0000 -1.0000
vn 0.0000 0.0000 -1.0000
vn 0.0000 0.0000 -1.0000
vn 0.0000 0.0000 -1.0000
vn 0.0000 0.0000 -1.0000
vn 0.0000 0.0000 -1.0000
vn 0.0000 0.0000 -1.0000
vn 0.0000 0.0000 -1.0000
vn 0.0000 0.0000 -1.0000
vn 0.0000 0.0000 -1.0000
vn 0.0000 0.0000 -1.0000
vn 0.0000 0.0000 -1.0000
vn 0.9659 0.2588 0.0000
vn 0.7071 0.7071 0.0000
vn 0.2588 0.9659 0.0000
vn -0.2588 0.9659 0.0000
vn -0.7071 0.7071 0.0000
vn -0.9659 0.2588 0.0000
vn -0.9659 -0.2588 0.0000
vn -0.7071 -0.7071 0.0000
vn -0.2588 -0.9659 0.0000
vn 0.2588 -0.9659 0.0000
vn 0.7071 -0.7071 0.0000
vn -0.9659 0.2588 0.0000
vn 0.0000 0.0000 1.0000
vn 0.0000 0.0000 1.0000
vn 0.0000 0.0000 1.0000
vn 0.0000 0.0000 1.0000
vn 0.0000 0.0000 1.0000
vn 0.0000 0.0000 1.0000
vn 0.0000 0.0000 1.0000
vn 0.0000 0.0000 1.0000
vn 0.0000 0.0000 1.0000
vn 0.0000 0.0000 1.0000
vn 0.0000 0.0000 1.0000
vn 0.0000 0.0000 1.0000
vn 0.0000 0.0000 -1.0000
vn 0.0000 0.0000 -1.0000
vn 0.0000 0.0000 -1.0000
vn 0.0000 0.0000 -1.0000
vn 0.0000 0.0000 -1.0000
vn 0.0000 0.0000 -1.0000
vn 0.0000 0.0000 -1.0000
vn 0.0000 0.0000 -1.0000
vn 0.0000 0.0000 -1.0000
vn 0.0000 0.0000 -1.0000
vn 0.0000 0.0000 -1.0000
vn 0.0000 0.0000 -1.0000
vn 0.0000 0.0000 -1.0000
vn 0.0000 0.0000 1.0000
vn 0.0000 -1.0000 0.0000
vn 0.0000 1.0000 0.0000
vn -1.0000 0.0000 0.0000
vn 1.0000 0.0000 0.0000
vn 0.9659 0.2588 0.0000
vn 0.7071 0.7071 0.0000
vn 0.2588 0.9659 0.0000
vn -0.2588 0.9659 0.0000
vn -0.7071 0.7071 0.0000
vn -0.9659 0.2588 0.0000
vn -0.9659 -0.2588 0.0000
vn -0.7071 -0.7071 0.0000
vn -0.2588 -0.9659 0.0000
vn 0.2588 -0.9659 0.0000
vn 0.7071 -0.7071 0.0000
vn -0.9659 0.2588 0.0000
vn 0.0000 0.0000 1.0000
vn 0.0000 0.0000 1.0000
vn 0.0000 0.0000 1.0000
vn 0.0000 0.0000 1.0000
vn 0.0000 0.0000 1.0000
vn 0.0000 0.0000 1.0000
vn 0.0000 0.0000 1.0000
vn 0.0000 0.0000 1.0000
vn 0.0000 0.0000 1.0000
vn 0.0000 0.0000 1.0000
vn 0.0000 0.0000 1.0000
vn 0.0000 0.0000 1.0000
vn 0.0000 0.0000 -1.0000
vn 0.0000 0.0000 -1.0000
vn 0.0000 0.0000 -1.0000
vn 0.0000 0.0000 -1.0000
vn 0.0000 0.0000 -1.0000
vn 0.0000 0.0000 -1.0000
vn 0.0000 0.0000 -1.0000
vn 0.0000 0.0000 -1.0000
vn 0.0000 0.0000 -1.0000
vn 0.0000 0.0000 -1.0000
vn 0.0000 0.0000 -1.0000
vn 0.0000 0.0000 -1.0000
vn 0.9659 0.2588 0.0000
vn 0.7071 0.7071 0.0000
vn 0.2588 0.9659 0.0000
vn -0.2588 0.9659 0.0000
vn -0.7071 0.7071 0.0000
vn -0.9659 0.2588 0.0000
vn -0.9659 -0.2588 0.0000
vn -0.7071 -0.7071 0.0000
vn -0.2588 -0.9659 0.0000
vn 0.2588 -0.9659 0.0000
vn 0.7071 -0.7071 0.0000
vn -0.9659 0.2588 0.0000
vn 0.0000 0.0000 1.0000
vn 0.0000 0.0000 1.0000
vn 0.0000 0.0000 1.0000
vn 0.0000 0.0000 1.0000
vn 0.0000 0.0000 1.0000
vn 0.0000 0.0000 1.0000
vn 0.0000 0.0000 1.0000
vn 0.0000 0.0000 1.0000
vn 0.0000 0.0000 1.0000
vn 0.0000 0.0000 1.0000
vn 0.0000 0.0000 1.0000
vn 0.0000 0.0000 1.0000
vn 0.0000 0.0000 -1.0000
vn 0.0000 0.0000 -1.0000
vn 0.0000 0.0000 -1.0000
vn 0.0000 0.0000 -1.0000
vn 0.0000 0.0000 -1.0000
vn 0.0000 0.0000 -1.0000
vn 0.0000 0.0000 -1.0000
vn 0.0000 0.0000 -1.0000
vn 0.0000 0.0000 -1.0000
vn 0.0000 0.0000 -1.0000
vn 0.0000 0.0000 -1.0000
vn 0.0000 0.0000 -1.0000
vn 0.0000 0.0000 -1.0000
vn 0.0000 0.0000 1.0000
vn 0.0000 -1.0000 0.0000
vn 0.0000 1.0000 0.0000
vn -1.0000 0.0000 0.0000
vn 1.0000 0.0000 0.0000
vn 0.9659 0.2588 0.0000
vn 0.7071 0.7071 0.0000
vn 0.2588 0.9659 0.0000
vn -0.2588 0.9659 0.0000
vn -0.7071 0.7071 0.0000
vn -0.9659 0.2588 0.0000
vn -0.9659 -0.2588 0.0000
vn -0.7071 -0.7071 0.0000
vn -0.2588 -0.9659 0.0000
vn 0.2588 -0.9659 0.0000
vn 0.7071 -0.7071 0.0000
vn -0.9659 0.2588 0.0000
vn 0.0000 0.0000 1.0000
vn 0.0000 0.0000 1.0000
vn 0.0000 0.0000 1.0000
vn 0.0000 0.0000 1.0000
vn 0.0000 0.0000 1.0000
vn 0.0000 0.0000 1.0000
vn 0.0000 0.0000 1.0000
vn 0.0000 0.0000 1.0000
vn 0.0000 0.0000 1.0000
vn 0.0000 0.0000 1.0000
vn 0.0000 0.0000 1.0000
vn 0.0000 0.0000 1.0000
vn 0.0000 0.0000 -1.0000
vn 0.0000 0.0000 -1.0000
vn 0.0000 0.0000 -1.0000
vn 0.0000 0.0000 -1.0000
vn 0.0000 0.0000 -1.0000
vn 0.0000 0.0000 -1.0000
vn 0.0000 0.0000 -1.0000
vn 0.0000 0.0000 -1.0000
vn 0.0000 0.0000 -1.0000
vn 0.0000 0.0000 -1.0000
vn 0.0000 0.0000 -1.0000
vn 0.0000 0.0000 -1.0000
vn 0.9659 0.2588 0.0000
vn 0.7071 0.7071 0.0000
vn 0.2588 0.9659 0.0000
vn -0.2588 0.9659 0.0000
vn -0.7071 0.7071 0.0000
vn -0.9659 0.2588 0.0000
vn -0.9659 -0.2588 0.0000
vn -0.7071 -0.7071 0.0000
vn -0.2588 -0.9659 0.0000
vn 0.2588 -0.9659 0.0000
vn 0.7071 -0.7071 0.0000
vn -0.9659 0.2588 0.0000
vn 0.0000 0.0000 1.0000
vn 0.0000 0.0000 1.0000
vn 0.0000 0.0000 1.0000
vn 0.0000 0.0000 1.0000
vn 0.0000 0.0000 1.0000
vn 0.0000 0.0000 1.0000
vn 0.0000 0.0000 1.0000
vn 0.0000 0.0000 1.0000
vn 0.0000 0.0000 1.0000
vn 0.0000 0.0000 1.0000
vn 0.0000 0.0000 1.0000
vn 0.0000 0.0000 1.0000
vn 0.0000 0.0000 -1.0000
vn 0.0000 0.0000 -1.0000
vn 0.0000 0.0000 -1.0000
vn 0.0000 0.0000 -1.0000
vn 0.0000 0.0000 -1.0000
vn 0.0000 0.0000 -1.0000
vn 0.0000 0.0000 -1.0000
vn 0.0000 0.0000 -1.0000
vn 0.0000 0.0000 -1.0000
vn 0.0000 0.0000 -1.0000
vn 0.0000 0.0000 -1.0000
vn 0.0000 0.0000 -1.0000
vn 0.0000 0.0000 -1.0000
vn 0.0000 0.0000 1.0000
vn 0.0000 -1.0000 0.0000
vn 0.0000 1.0000 0.0000
vn -1.0000 0.0000 0.0000
vn 1.0000 0.0000 0.0000
vn 0.9659 0.2588 0.0000
vn 0.7071 0.7071 0.0000
vn 0.2588 0.9659 0.0000
vn -0.2588 0.9659 0.0000
vn -0.7071 0.7071 0.0000
vn -0.9659 0.2588 0.0000
vn -0.9659 -0.2588 0.0000
vn -0.7071 -0.7071 0.0000
vn -0.2588 -0.9659 0.0000
vn 0.2588 -0.9659 0.0000
vn 0.7071 -0.7071 0.0000
vn -0.9659 0.2588 0.0000
vn 0.0000 0.0000 1.0000
vn 0.0000 0.0000 1.0000
vn 0.0000 0.0000 1.0000
vn 0.0000 0.0000 1.0000
vn 0.0000 0.0000 1.0000
vn 0.0000 0.0000 1.0000
vn 0.0000 0.0000 1.0000
vn 0.0000 0.0000 1.0000
vn 0.0000 0.0000 1.0000
vn 0.0000 0.0000 1.0000
vn 0.0000 0.0000 1.0000
vn 0.0000 0.0000 1.0000
vn 0.0000 0.0000 -1.0000
vn 0.0000 0.0000 -1.0000
vn 0.0000 0.0000 -1.0000
vn 0.0000 0.0000 -1.0000
vn 0.0000 0.0000 -1.0000
vn 0.0000 0.0000 -1.0000
vn 0.0000 0.0000 -1.0000
vn 0.0000 0.0000 -1.0000
vn 0.0000 0.0000 -1.0000
vn 0.0000 0.0000 -1.0000
vn 0.0000 0.0000 -1.0000
vn 0.0000 0.0000 -1.0000
vn 0.9659 0.2588 0.0000
vn 0.7071 0.7071 0.0000
vn 0.2588 0.9659 0.0000
vn -0.2588 0.9659 0.0000
vn -0.7071 0.7071 0.0000
vn -0.9659 0.2588 0.0000
vn -0.9659 -0.2588 0.0000
vn -0.7071 -0.7071 0.0000
vn -0.2588 -0.9659 0.0000
vn 0.2588 -0.9659 0.0000
vn 0.7071 -0.7071 0.0000
vn -0.9659 0.2588 0.0000
vn 0.0000 0.0000 1.0000
vn 0.0000 0.0000 1.0000
vn 0.0000 0.0000 1.0000
vn 0.0000 0.0000 1.0000
vn 0.0000 0.0000 1.0000
vn 0.0000 0.0000 1.0000
vn 0.0000 0.0000 1.0000
vn 0.0000 0.0000 1.0000
vn 0.0000 0.0000 1.0000
vn 0.0000 0.0000 1.0000
vn 0.0000 0.0000 1.0000
vn 0.0000 0.0000 1.0000
vn 0.0000 0.0000 -1.0000
vn 0.0000 0.0000 -1.0000
vn 0.0000 0.0000 -1.0000
vn 0.0000 0.0000 -1.0000
vn 0.0000 0.0000 -1.0000
vn 0.0000 0.0000 -1.0000
vn 0.0000 0.0000 -1.0000
vn 0.0000 0.0000 -1.0000
vn 0.0000 0.0000 -1.0000
vn 0.0000 0.0000 -1.0000
vn 0.0000 0.0000 -1.0000
vn 0.0000 0.0000 -1.0000
vn 0.0000 0.0000 -1.0000
vn 0.0000 0.0000 1.0000
vn 0.0000 -1.0000 0.0000
vn 0.0000 1.0000 0.0000
vn -1.0000 0.0000 0.0000
vn 1.0000 0.0000 0.0000
vn 0.9659 0.2588 0.0000
vn 0.7071 0.7071 0.0000
vn 0.2588 0.9659 0.0000
vn -0.2588 0.9659 0.0000
vn -0.7071 0.7071 0.0000
vn -0.9659 0.2588 0.0000
vn -0.9659 -0.2588 0.0000
vn -0.7071 -0.7071 0.0000
vn -0.2588 -0.9659 0.0000
vn 0.2588 -0.9659 0.0000
vn 0.7071 -0.7071 0.0000
vn -0.9659 0.2588 0.0000
vn 0.0000 0.0000 1.0000
vn 0.0000 0.0000 1.0000
vn 0.0000 0.0000 1.0000
vn 0.0000 0.0000 1.0000
vn 0.0000 0.0000 1.0000
vn 0.0000 0.0000 1.0000
vn 0.0000 0.0000 1.0000
vn 0.0000 0.0000 1.0000
vn 0.0000 0.0000 1.0000
vn 0.0000 0.0000 1.0000
vn 0.0000 0.0000 1.0000
vn 0.0000 0.0000 1.0000
vn 0.0000 0.0000 -1.0000
vn 0.0000 0.0000 -1.0000
vn 0.0000 0.0000 -1.0000
vn 0.0000 0.0000 -1.0000
vn 0.0000 0.0000 -1.0000
vn 0.0000 0.0000 -1.0000
vn 0.0000 0.0000 -1.0000
vn 0.0000 0.0000 -1.0000
vn 0.0000 0.0000 -1.0000
vn 0.0000 0.0000 -1.0000
vn 0.0000 0.0000 -1.0000
vn 0.0000 0.0000 -1.0000
vn 0.9659 0.2588 0.0000
vn 0.7071 0.7071 0.0000
vn 0.2588 0.9659 0.0000
vn -0.2588 0.9659 0.0000
vn -0.7071 0.7071 0.0000
vn -0.9659 0.2588 0.0000
vn -0.9659 -0.2588 0.0000
vn -0.7071 -0.7071 0.0000
vn -0.2588 -0.9659 0.0000
vn 0.2588 -0.9659 0.0000
vn 0.7071 -0.7071 0.0000
vn -0.9659 0.2588 0.0000
vn 0.0000 0.0000 1.0000
vn 0.0000 0.0000 1.0000
vn 0.0000 0.0000 1.0000
vn 0.0000 0.0000 1.0000
vn 0.0000 0.0000 1.0000
vn 0.0000 0.0000 1.0000
vn 0.0000 0.0000 1.0000
vn 0.0000 0.0000 1.0000
vn 0.0000 0.0000 1.0000
vn 0.0000 0.0000 1.0000
vn 0.0000 0.0000 1.0000
vn 0.0000 0.0000 1.0000
vn 0.0000 0.0000 -1.0000
vn 0.0000 0.0000 -1.0000
vn 0.0000 0.0000 -1.0000
vn 0.0000 0.0000 -1.0000
vn 0.0000 0.0000 -1.0000
vn 0.0000 0.0000 -1.0000
vn 0.0000 0.0000 -1.0000
vn 0.0000 0.0000 -1.0000
vn 0.0000 0.0000 -1.0000
vn 0.0000 0.0000 -1.0000
vn 0.0000 0.0000 -1.0000
vn 0.0000 0.0000 -1.0000
vn 0.0000 0.0000 -1.0000
vn 0.0000 0.0000 1.0000
vn 0.0000 -1.0000 0.0000
vn 0.0000 1.0000 0.0000
vn -1.0000 0.0000 0.0000
vn 1.0000 0.0000 0.0000
vn 0.9659 0.2588 0.0000
vn 0.7071 0.7071 0.0000
vn 0.2588 0.9659 0.0000
vn -0.2588 0.9659 0.0000
vn -0.7071 0.7071 0.0000
vn -0.9659 0.2588 0.0000
vn -0.9659 -0.2588 0.0000
vn -0.7071 -0.7071 0.0000
vn -0.2588 -0.9659 0.0000
vn 0.2588 -0.9659 0.0000
vn 0.7071 -0.7071 0.0000
vn -0.9659 0.2588 0.0000
vn 0.0000 0.0000 1.0000
vn 0.0000 0.0000 1.0000
vn 0.0000 0.0000 1.0000
vn 0.0000 0.0000 1.0000
vn 0.0000 0.0000 1.0000
vn 0.0000 0.0000 1.0000
vn 0.0000 0.0000 1.0000
vn 0.0000 0.0000 1.0000
vn 0.0000 0.0000 1.0000
vn 0.0000 0.0000 1.0000
vn 0.0000 0.0000 1.0000
vn 0.0000 0.0000 1.0000
vn 0.0000 0.0000 -1.0000
vn 0.0000 0.0000 -1.0000
vn 0.0000 0.0000 -1.0000
vn 0.0000 0.0000 -1.0000
vn 0.0000 0.0000 -1.0000
vn 0.0000 0.0000 -1.0000
vn 0.0000 0.0000 -1.0000
vn 0.0000 0.0000 -1.0000
vn 0.0000 0.0000 -1.0000
vn 0.0000 0.0000 -1.0000
vn 0.0000 0.0000 -1.0000
vn 0.0000 0.0000 -1.0000
vn 0.9659 0.2588 0.0000
vn 0.7071 0.7071 0.0000
vn 0.2588 0.9659 0.0000
vn -0.2588 0.9659 0.0000
vn -0.7071 0.7071 0.0000
vn -0.9659 0.2588 0.0000
vn -0.9659 -0.2588 0.0000
vn -0.7071 -0.7071 0.0000
vn -0.2588 -0.9659 0.0000
vn 0.2588 -0.9659 0.0000
vn 0.7071 -0.7071 0.0000
vn -0.9659 0.2588 0.0000
vn 0.0000 0.0000 1.0000
vn 0.0000 0.0000 1.0000
vn 0.0000 0.0000 1.0000
vn 0.0000 0.0000 1.0000
vn 0.0000 0.0000 1.0000
vn 0.0000 0.0000 1.0000
vn 0.0000 0.0000 1.0000
vn 0.0000 0.0000 1.0000
vn 0.0000 0.0000 1.0000
vn 0.0000 0.0000 1.0000
vn 0.0000 0.0000 1.0000
vn 0.0000 0.0000 1.0000
vn 0.0000 0.0000 -1.0000
vn 0.0000 0.0000 -1.0000
vn 0.0000 0.0000 -1.0000
vn 0.0000 0.0000 -1.0000
vn 0.0000 0.0000 -1.0000
vn 0.0000 0.0000 -1.0000
vn 0.0000 0.0000 -1.0000
vn 0.0000 0.0000 -1.0000
vn 0.0000 0.0000 -1.0000
vn 0.0000 0.0000 -1.0000
vn 0.0000 0.0000 -1.0000
vn 0.0000 0.0000 -1.0000
vn 0.0000 0.0000 -1.0000
vn 0.0000 0.0000 1.0000
vn 0.0000 -1.0000 0.0000
vn 0.0000 1.0000 0.0000
vn -1.0000 0.0000 0.0000
vn 1.0000 0.0000 0.0000
vn 0.9659 0.2588 0.0000
vn 0.7071 0.7071 0.0000
vn 0.2588 0.9659 0.0000
vn -0.2588 0.9659 0.0000
vn -0.7071 0.7071 0.0000
vn -0.9659 0.2588 0.0000
vn -0.9659 -0.2588 0.0000
vn -0.7071 -0.7071 0.0000
vn -0.2588 -0.9659 0.0000
vn 0.2588 -0.9659 0.0000
vn 0.7071 -0.7071 0.0000
vn -0.9659 0.2588 0.0000
vn 0.0000 0.0000 1.0000
vn 0.0000 0.0000 1.0000
vn 0.0000 0.0000 1.0000
vn 0.0000 0.0000 1.0000
vn 0.0000 0.0000 1.0000
vn 0.0000 0.0000 1.0000
vn 0.0000 0.0000 1.0000
vn 0.0000 0.0000 1.0000
vn 0.0000 0.0000 1.0000
vn 0.0000 0.0000 1.0000
vn 0.0000 0.0000 1.0000
vn 0.0000 0.0000 1.0000
vn 0.0000 0.0000 -1.0000
vn 0.0000 0.0000 -1.0000
vn 0.0000 0.0000 -1.0000
vn 0.0000 0.0000 -1.0000
vn 0.0000 0.0000 -1.0000
vn 0.0000 0.0000 -1.0000
vn 0.0000 0.0000 -1.0000
vn 0.0000 0.0000 -1.0000
vn 0.0000 0.0000 -1.0000
vn 0.0000 0.0000 -1.0000
vn 0.0000 0.0000 -1.0000
vn 0.0000 0.0000 -1.0000
vn 0.9659 0.2588 0.0000
vn 0.7071 0.7071 0.0000
vn 0.2588 0.9659 0.0000
vn -0.2588 0.9659 0.0000
vn -0.7071 0.7071 0.0000
vn -0.9659 0.2588 0.0000
vn -0.9659 -0.2588 0.0000
vn -0.7071 -0.7071 0.0000
vn -0.2588 -0.9659 0.0000
vn 0.2588 -0.9659 0.0000
vn 0.7071 -0.7071 0.0000
vn -0.9659 0.2588 0.0000
vn 0.0000 0.0000 1.0000
vn 0.0000 0.0000 1.0000
vn 0.0000 0.0000 1.0000
vn 0.0000 0.0000 1.0000
vn 0.0000 0.0000 1.0000
vn 0.0000 0.0000 1.0000
vn 0.0000 0.0000 1.0000
vn 0.0000 0.0000 1.0000
vn 0.0000 0.0000 1.0000
vn 0.0000 0.0000 1.0000
vn 0.0000 0.0000 1.0000
vn 0.0000 0.0000 1.0000
vn 0.0000 0.0000 -1.0000
vn 0.0000 0.0000 -1.0000
vn 0.0000 0.0000 -1.0000
vn 0.0000 0.0000 -1.0000
vn 0.0000 0.0000 -1.0000
vn 0.0000 0.0000 -1.0000
vn 0.0000 0.0000 -1.0000
vn 0.0000 0.0000 -1.0000
vn 0.0000 0.0000 -1.0000
vn 0.0000 0.0000 -1.0000
vn 0.0000 0.0000 -1.0000
vn 0.0000 0.0000 -1.0000
vn 0.0000 0.0000 -1.0000
vn 0.0000 0.0000 1.0000
vn 0.0000 -1.0000 0.0000
vn 0.0000 1.0000 0.0000
vn -1.0000 0.0000 0.0000
vn 1.0000 0.0000 0.0000
vn 0.9659 0.2588 0.0000
vn 0.7071 0.7071 0.0000
vn 0.2588 0.9659 0.0000
vn -0.2588 0.9659 0.0000
vn -0.7071 0.7071 0.0000
vn -0.9659 0.2588 0.0000
vn -0.9659 -0.2588 0.0000
vn -0.7071 -0.7071 0.0000
vn -0.2588 -0.9659 0.0000
vn 0.2588 -0.9659 0.0000
vn 0.7071 -0.7071 0.0000
vn -0.9659 0.2588 0.0000
vn 0.0000 0.0000 1.0000
vn 0.0000 0.0000 1.0000
vn 0.0000 0.0000 1.0000
vn 0.0000 0.0000 1.0000
vn 0.0000 0.0000 1.0000
vn 0.0000 0.0000 1.0000
vn 0.0000 0.0000 1.0000
vn 0.0000 0.0000 1.0000
vn 0.0000 0.0000 1.0000
vn 0.0000 0.0000 1.0000
vn 0.0000 0.0000 1.0000
vn 0.0000 0.0000 1.0000
vn 0.0000 0.0000 -1.0000
vn 0.0000 0.0000 -1.0000
vn 0.0000 0.0000 -1.0000
vn 0.0000 0.0000 -1.0000
vn 0.0000 0.0000 -1.0000
vn 0.0000 0.0000 -1.0000
vn 0.0000 0.0000 -1.0000
vn 0.0000 0.0000 -1.0000
vn 0.0000 0.0000 -1.0000
vn 0.0000 0.0000 -1.0000
vn 0.0000 0.0000 -1.0000
vn 0.0000 0.0000 -1.0000
vn 0.9659 0.2588 0.0000
vn 0.7071 0.7071 0.0000
vn 0.2588 0.9659 0.0000
vn -0.2588 0.9659 0.0000
vn -0.7071 0.7071 0.0000
vn -0.9659 0.2588 0.0000
vn -0.9659 -0.2588 0.0000
vn -0.7071 -0.7071 0.0000
vn -0.2588 -0.9659 0.0000
vn 0.2588 -0.9659 0.0000
vn 0.7071 -0.7071 0.0000
vn -0.9659 0.2588 0.0000
vn 0.0000 0.0000 1.0000
vn 0.0000 0.0000 1.0000
vn 0.0000 0.0000 1.0000
vn 0.0000 0.0000 1.0000
vn 0.0000 0.0000 1.0000
vn 0.0000 0.0000 1.0000
vn 0.0000 0.0000 1.0000
vn 0.0000 0.0000 1.0000
vn 0.0000 0.0000 1.0000
vn 0.0000 0.0000 1.0000
vn 0.0000 0.0000 1.0000
vn 0.0000 0.0000 1.0000
vn 0.0000 0.0000 -1.0000
vn 0.0000 0.0000 -1.0000
vn 0.0000 0.0000 -1.0000
vn 0.0000 0.0000 -1.0000
vn 0.0000 0.0000 -1.0000
vn 0.0000 0.0000 -1.0000
vn 0.0000 0.0000 -1.0000
vn 0.0000 0.0000 -1.0000
vn 0.0000 0.0000 -1.0000
vn 0.0000 0.0000 -1.0000
vn 0.0000 0.0000 -1.0000
vn 0.0000 0.0000 -1.0000
vn 0.0000 0.0000 -1.0000
vn 0.0000 0.0000 1.0000
vn 0.0000 -1.0000 0.0000
vn 0.0000 1.0000 0.0000
vn -1.0000 0.0000 0.0000
vn 1.0000 0.0000 0.0000
vn 0.9659 0.2588 0.0000
vn 0.7071 0.7071 0.0000
vn 0.2588 0.9659 0.0000
vn -0.2588 0.9659 0.0000
vn -0.7071 0.7071 0.0000
vn -0.9659 0.2588 0.0000
vn -0.9659 -0.2588 0.0000
vn -0.7071 -0.7071 0.0000
vn -0.2588 -0.9659 0.0000
vn 0.2588 -0.9659 0.0000
vn 0.7071 -0.7071 0.0000
vn -0.9659 0.2588 0.0000
vn 0.0000 0.0000 1.0000
vn 0.0000 0.0000 1.0000
vn 0.0000 0.0000 1.0000
vn 0.0000 0.0000 1.0000
vn 0.0000 0.0000 1.0000
vn 0.0000 0.0000 1.0000
vn 0.0000 0.0000 1.0000
vn 0.0000 0.0000 1.0000
vn 0.0000 0.0000 1.0000
vn 0.0000 0.0000 1.0000
vn 0.0000 0.0000 1.0000
vn 0.0000 0.0000 1.0000
vn 0.0000 0.0000 -1.0000
vn 0.0000 0.0000 -1.0000
vn 0.0000 0.0000 -1.0000
vn 0.0000 0.0000 -1.0000
vn 0.0000 0.0000 -1.0000
vn 0.0000 0.0000 -1.0000
vn 0.0000 0.0000 -1.0000
vn 0.0000 0.0000 -1.0000
vn 0.0000 0.0000 -1.0000
vn 0.0000 0.0000 -1.0000
vn 0.0000 0.0000 -1.0000
vn 0.0000 0.0000 -1.0000
vn 0.9659 0.2588 0.0000
vn 0.7071 0.7071 0.0000
vn 0.2588 0.9659 0.0000
vn -0.2588 0.9659 0.0000
vn -0.7071 0.7071 0.0000
vn -0.9659 0.2588 0.0000
vn -0.9659 -0.2588 0.0000
vn -0.7071 -0.7071 0.0000
vn -0.2588 -0.9659 0.0000
vn 0.2588 -0.9659 0.0000
vn 0.7071 -0.7071 0.0000
vn -0.9659 0.2588 0.0000
vn 0.0000 0.0000 1.0000
vn 0.0000 0.0000 1.0000
vn 0.0000 0.0000 1.0000
vn 0.0000 0.0000 1.0000
vn 0.0000 0.0000 1.0000
vn 0.0000 0.0000 1.0000
vn 0.0000 0.0000 1.0000
vn 0.0000 0.0000 1.0000
vn 0.0000 0.0000 1.0000
vn 0.0000 0.0000 1.0000
vn 0.0000 0.0000 1.0000
vn 0.0000 0.0000 1.0000
vn 0.0000 0.0000 -1.0000
vn 0.0000 0.0000 -1.0000
vn 0.0000 0.0000 -1.0000
vn 0.0000 0.0000 -1.0000
vn 0.0000 0.0000 -1.0000
vn 0.0000 0.0000 -1.0000
vn 0.0000 0.0000 -1.0000
vn 0.0000 0.0000 -1.0000
vn 0.0000 0.0000 -1.0000
vn 0.0000 0.0000 -1.0000
vn 0.0000 0.0000 -1.0000
vn 0.0000 0.0000 -1.0000
vn 0.0000 0.0000 -1.0000
vn 0.0000 0.0000 1.0000
vn 0.0000 -1.0000 0.0000
vn 0.0000 1.0000 0.0000
vn -1.0000 0.0000 0.0000
vn 1.0000 0.0000 0.0000
vn 0.9659 0.2588 0.0000
vn 0.7071 0.7071 0.0000
vn 0.2588 0.9659 0.0000
vn -0.2588 0.9659 0.0000
vn -0.7071 0.7071 0.0000
vn -0.9659 0.2588 0.0000
vn -0.9659 -0.2588 0.0000
vn -0.7071 -0.7071 0.0000
vn -0.2588 -0.9659 0.0000
vn 0.2588 -0.9659 0.0000
vn 0.7071 -0.7071 0.0000
vn -0.9659 0.2588 0.0000
vn 0.0000 0.0000 1.0000
vn 0.0000 0.0000 1.0000
vn 0.0000 0.0000 1.0000
vn 0.0000 0.0000 1.0000
vn 0.0000 0.0000 1.0000
vn 0.0000 0.0000 1.0000
vn 0.0000 0.0000 1.0000
vn 0.0000 0.0000 1.0000
vn 0.0000 0.0000 1.0000
vn 0.0000 0.0000 1.0000
vn 0.0000 0.0000 1.0000
vn 0.0000 0.0000 1.0000
vn 0.0000 0.0000 -1.0000
vn 0.0000 0.0000 -1.0000
vn 0.0000 0.0000 -1.0000
vn 0.0000 0.0000 -1.0000
vn 0.0000 0.0000 -1.0000
vn 0.0000 0.0000 -1.0000
vn 0.0000 0.0000 -1.0000
vn 0.0000 0.0000 -1.0000
vn 0.0000 0.0000 -1.0000
vn 0.0000 0.0000 -1.0000
vn 0.0000 0.0000 -1.0000
vn 0.0000 0.0000 -1.0000
vn 0.9659 0.2588 0.0000
vn 0.7071 0.7071 0.0000
vn 0.2588 0.9659 0.0000
vn -0.2588 0.9659 0.0000
vn -0.7071 0.7071 0.0000
vn -0.9659 0.2588 0.0000
vn -0.9659 -0.2588 0.0000
vn -0.7071 -0.7071 0.0000
vn -0.2588 -0.9659 0.0000
vn 0.2588 -0.9659 0.0000
vn 0.7071 -0.7071 0.0000
vn -0.9659 0.2588 0.0000
vn 0.0000 0.0000 1.0000
vn 0.0000 0.0000 1.0000
vn 0.0000 0.0000 1.0000
vn 0.0000 0.0000 1.0000
vn 0.0000 0.0000 1.0000
vn 0.0000 0.0000 1.0000
vn 0.0000 0.0000 1.0000
vn 0.0000 0.0000 1.0000
vn 0.0000 0.0000 1.0000
vn 0.0000 0.0000 1.0000
vn 0.0000 0.0000 1.0000
vn 0.0000 0.0000 1.0000
vn 0.0000 0.0000 -1.0000
vn 0.0000 0.0000 -1.0000
vn 0.0000 0.0000 -1.0000
vn 0.0000 0.0000 -1.0000
vn 0.0000 0.0000 -1.0000
vn 0.0000 0.0000 -1.0000
vn 0.0000 0.0000 -1.0000
vn 0.0000 0.0000 -1.0000
vn 0.0000 0.0000 -1.0000
vn 0.0000 0.0000 -1.0000
vn 0.0000 0.0000 -1.0000
vn 0.0000 0.0000 -1.0000
vn 0.0000 0.0000 -1.0000
vn 0.0000 0.0000 1.0000
vn 0.0000 -1.0000 0.0000
vn 0.0000 1.0000 0.0000
vn -1.0000 0.0000 0.0000
vn 1.0000 0.0000 0.0000
vn 0.0000 0.0000 -1.0000
vn 0.0000 0.0000 1.0000
vn 0.0000 -1.0000 0.0000
vn 0.0000 1.0000 0.0000
vn -1.0000 0.0000 0.0000
vn 1.0000 0.0000 0.0000
vn 0.0000 0.0000 -1.0000
vn 0.0000 0.0000 1.0000
vn 0.0000 -1.0000 0.0000
vn 0.0000 1.0000 0.0000
vn -1.0000 0.0000 0.0000
vn 1.0000 0.0000 0.0000
vn 0.0000 0.0000 -1.0000
vn 0.0000 0.0000 1.0000
vn 0.0000 -1.0000 0.0000
vn 0.0000 1.0000 0.0000
vn -1.0000 0.0000 0.0000
vn 1.0000 0.0000 0.0000
vn 0.0000 0.0000 -1.0000
vn 0.0000 0.0000 1.0000
vn 0.0000 -1.0000 0.0000
vn 0.0000 1.0000 0.0000
vn -1.0000 0.0000 0.0000
vn 1.0000 0.0000 0.0000
vn 0.0000 0.0000 -1.0000
vn 0.0000 0.0000 1.0000
vn 0.0000 -1.0000 0.0000
vn 0.0000 1.0000 0.0000
vn -1.0000 0.0000 0.0000
vn 1.0000 0.0000 0.0000
vn 0.0000 0.0000 -1.0000
vn 0.0000 0.0000 1.0000
vn 0.0000 -1.0000 0.0000
vn 0.0000 1.0000 0.0000
vn -1.0000 0.0000 0.0000
vn 1.0000 0.0000 0.0000

usemtl PCB_Black
f 1//1 2//1 3//1
f 1//1 3//1 4//1
f 5//2 6//2 7//2
f 5//2 7//2 8//2
f 9//3 10//3 11//3
f 9//3 11//3 12//3
f 13//4 14//4 15//4
f 13//4 15//4 16//4
f 17//5 18//5 19//5
f 17//5 19//5 20//5
f 21//6 22//6 23//6
f 21//6 23//6 24//6
usemtl Metal_Chrome
f 25//7 26//7 27//7
f 25//7 27//7 28//7
f 29//8 30//8 31//8
f 29//8 31//8 32//8
f 33//9 34//9 35//9
f 33//9 35//9 36//9
f 37//10 38//10 39//10
f 37//10 39//10 40//10
f 41//11 42//11 43//11
f 41//11 43//11 44//11
f 45//12 46//12 47//12
f 45//12 47//12 48//12
f 241//67 242//67 243//67
f 241//67 243//67 244//67
f 245//68 246//68 247//68
f 245//68 247//68 248//68
f 249//69 250//69 251//69
f 249//69 251//69 252//69
f 253//70 254//70 255//70
f 253//70 255//70 256//70
f 257//71 258//71 259//71
f 257//71 259//71 260//71
f 261//72 262//72 263//72
f 261//72 263//72 264//72
f 385//109 386//109 387//109
f 385//109 387//109 388//109
f 389//110 390//110 391//110
f 389//110 391//110 392//110
f 393//111 394//111 395//111
f 393//111 395//111 396//111
f 397//112 398//112 399//112
f 397//112 399//112 400//112
f 401//113 402//113 403//113
f 401//113 403//113 404//113
f 405//114 406//114 407//114
f 405//114 407//114 408//114
f 5449//1603 5450//1603 5451//1603
f 5449//1603 5451//1603 5452//1603
f 5453//1604 5454//1604 5455//1604
f 5453//1604 5455//1604 5456//1604
f 5457//1605 5458//1605 5459//1605
f 5457//1605 5459//1605 5460//1605
f 5461//1606 5462//1606 5463//1606
f 5461//1606 5463//1606 5464//1606
f 5465//1607 5466//1607 5467//1607
f 5465//1607 5467//1607 5468//1607
f 5469//1608 5470//1608 5471//1608
f 5469//1608 5471//1608 5472//1608
f 5473//1609 5474//1609 5475//1609
f 5473//1609 5475//1609 5476//1609
f 5477//1610 5478//1610 5479//1610
f 5477//1610 5479//1610 5480//1610
f 5481//1611 5482//1611 5483//1611
f 5481//1611 5483//1611 5484//1611
f 5485//1612 5486//1612 5487//1612
f 5485//1612 5487//1612 5488//1612
f 5489//1613 5490//1613 5491//1613
f 5489//1613 5491//1613 5492//1613
f 5493//1614 5494//1614 5495//1614
f 5493//1614 5495//1614 5496//1614
f 5521//1621 5522//1621 5523//1621
f 5521//1621 5523//1621 5524//1621
f 5525//1622 5526//1622 5527//1622
f 5525//1622 5527//1622 5528//1622
f 5529//1623 5530//1623 5531//1623
f 5529//1623 5531//1623 5532//1623
f 5533//1624 5534//1624 5535//1624
f 5533//1624 5535//1624 5536//1624
f 5537//1625 5538//1625 5539//1625
f 5537//1625 5539//1625 5540//1625
f 5541//1626 5542//1626 5543//1626
f 5541//1626 5543//1626 5544//1626
f 5545//1627 5546//1627 5547//1627
f 5545//1627 5547//1627 5548//1627
f 5549//1628 5550//1628 5551//1628
f 5549//1628 5551//1628 5552//1628
f 5553//1629 5554//1629 5555//1629
f 5553//1629 5555//1629 5556//1629
f 5557//1630 5558//1630 5559//1630
f 5557//1630 5559//1630 5560//1630
f 5561//1631 5562//1631 5563//1631
f 5561//1631 5563//1631 5564//1631
f 5565//1632 5566//1632 5567//1632
f 5565//1632 5567//1632 5568//1632
usemtl Plastic_Black
f 49//13 50//13 51//13
f 49//13 51//13 52//13
f 53//14 54//14 55//14
f 53//14 55//14 56//14
f 57//15 58//15 59//15
f 57//15 59//15 60//15
f 61//16 62//16 63//16
f 61//16 63//16 64//16
f 65//17 66//17 67//17
f 65//17 67//17 68//17
f 69//18 70//18 71//18
f 69//18 71//18 72//18
f 265//73 266//73 267//73
f 265//73 267//73 268//73
f 269//74 270//74 271//74
f 269//74 271//74 272//74
f 273//75 274//75 275//75
f 273//75 275//75 276//75
f 277//76 278//76 279//76
f 277//76 279//76 280//76
f 281//77 282//77 283//77
f 281//77 283//77 284//77
f 285//78 286//78 287//78
f 285//78 287//78 288//78
f 289//79 290//79 291//79
f 289//79 291//79 292//79
f 293//80 294//80 295//80
f 293//80 295//80 296//80
f 297//81 298//81 299//81
f 297//81 299//81 300//81
f 301//82 302//82 303//82
f 301//82 303//82 304//82
f 305//83 306//83 307//83
f 305//83 307//83 308//83
f 309//84 310//84 311//84
f 309//84 311//84 312//84
f 313//85 314//85 315//85
f 316//86 317//86 318//86
f 319//87 320//87 321//87
f 322//88 323//88 324//88
f 325//89 326//89 327//89
f 328//90 329//90 330//90
f 331//91 332//91 333//91
f 334//92 335//92 336//92
f 337//93 338//93 339//93
f 340//94 341//94 342//94
f 343//95 344//95 345//95
f 346//96 347//96 348//96
f 349//97 350//97 351//97
f 352//98 353//98 354//98
f 355//99 356//99 357//99
f 358//100 359//100 360//100
f 361//101 362//101 363//101
f 364//102 365//102 366//102
f 367//103 368//103 369//103
f 370//104 371//104 372//104
f 373//105 374//105 375//105
f 376//106 377//106 378//106
f 379//107 380//107 381//107
f 382//108 383//108 384//108
f 409//115 410//115 411//115
f 409//115 411//115 412//115
f 413//116 414//116 415//116
f 413//116 415//116 416//116
f 417//117 418//117 419//117
f 417//117 419//117 420//117
f 421//118 422//118 423//118
f 421//118 423//118 424//118
f 425//119 426//119 427//119
f 425//119 427//119 428//119
f 429//120 430//120 431//120
f 429//120 431//120 432//120
f 433//121 434//121 435//121
f 433//121 435//121 436//121
f 437//122 438//122 439//122
f 437//122 439//122 440//122
f 441//123 442//123 443//123
f 441//123 443//123 444//123
f 445//124 446//124 447//124
f 445//124 447//124 448//124
f 449//125 450//125 451//125
f 449//125 451//125 452//125
f 453//126 454//126 455//126
f 453//126 455//126 456//126
f 457//127 458//127 459//127
f 460//128 461//128 462//128
f 463//129 464//129 465//129
f 466//130 467//130 468//130
f 469//131 470//131 471//131
f 472//132 473//132 474//132
f 475//133 476//133 477//133
f 478//134 479//134 480//134
f 481//135 482//135 483//135
f 484//136 485//136 486//136
f 487//137 488//137 489//137
f 490//138 491//138 492//138
f 493//139 494//139 495//139
f 496//140 497//140 498//140
f 499//141 500//141 501//141
f 502//142 503//142 504//142
f 505//143 506//143 507//143
f 508//144 509//144 510//144
f 511//145 512//145 513//145
f 514//146 515//146 516//146
f 517//147 518//147 519//147
f 520//148 521//148 522//148
f 523//149 524//149 525//149
f 526//150 527//150 528//150
usemtl Metal_Shield
f 73//19 74//19 75//19
f 73//19 75//19 76//19
f 77//20 78//20 79//20
f 77//20 79//20 80//20
f 81//21 82//21 83//21
f 81//21 83//21 84//21
f 85//22 86//22 87//22
f 85//22 87//22 88//22
f 89//23 90//23 91//23
f 89//23 91//23 92//23
f 93//24 94//24 95//24
f 93//24 95//24 96//24
usemtl Gold_Pin
f 97//25 98//25 99//25
f 97//25 99//25 100//25
f 101//26 102//26 103//26
f 101//26 103//26 104//26
f 105//27 106//27 107//27
f 105//27 107//27 108//27
f 109//28 110//28 111//28
f 109//28 111//28 112//28
f 113//29 114//29 115//29
f 113//29 115//29 116//29
f 117//30 118//30 119//30
f 117//30 119//30 120//30
f 121//31 122//31 123//31
f 121//31 123//31 124//31
f 125//32 126//32 127//32
f 125//32 127//32 128//32
f 129//33 130//33 131//33
f 129//33 131//33 132//33
f 133//34 134//34 135//34
f 133//34 135//34 136//34
f 137//35 138//35 139//35
f 137//35 139//35 140//35
f 141//36 142//36 143//36
f 141//36 143//36 144//36
f 145//37 146//37 147//37
f 148//38 149//38 150//38
f 151//39 152//39 153//39
f 154//40 155//40 156//40
f 157//41 158//41 159//41
f 160//42 161//42 162//42
f 163//43 164//43 165//43
f 166//44 167//44 168//44
f 169//45 170//45 171//45
f 172//46 173//46 174//46
f 175//47 176//47 177//47
f 178//48 179//48 180//48
f 181//49 182//49 183//49
f 184//50 185//50 186//50
f 187//51 188//51 189//51
f 190//52 191//52 192//52
f 193//53 194//53 195//53
f 196//54 197//54 198//54
f 199//55 200//55 201//55
f 202//56 203//56 204//56
f 205//57 206//57 207//57
f 208//58 209//58 210//58
f 211//59 212//59 213//59
f 214//60 215//60 216//60
f 673//193 674//193 675//193
f 673//193 675//193 676//193
f 677//194 678//194 679//194
f 677//194 679//194 680//194
f 681//195 682//195 683//195
f 681//195 683//195 684//195
f 685//196 686//196 687//196
f 685//196 687//196 688//196
f 689//197 690//197 691//197
f 689//197 691//197 692//197
f 693//198 694//198 695//198
f 693//198 695//198 696//198
f 697//199 698//199 699//199
f 697//199 699//199 700//199
f 701//200 702//200 703//200
f 701//200 703//200 704//200
f 705//201 706//201 707//201
f 705//201 707//201 708//201
f 709//202 710//202 711//202
f 709//202 711//202 712//202
f 713//203 714//203 715//203
f 713//203 715//203 716//203
f 717//204 718//204 719//204
f 717//204 719//204 720//204
f 721//205 722//205 723//205
f 724//206 725//206 726//206
f 727//207 728//207 729//207
f 730//208 731//208 732//208
f 733//209 734//209 735//209
f 736//210 737//210 738//210
f 739//211 740//211 741//211
f 742//212 743//212 744//212
f 745//213 746//213 747//213
f 748//214 749//214 750//214
f 751//215 752//215 753//215
f 754//216 755//216 756//216
f 757//217 758//217 759//217
f 760//218 761//218 762//218
f 763//219 764//219 765//219
f 766//220 767//220 768//220
f 769//221 770//221 771//221
f 772//222 773//222 774//222
f 775//223 776//223 777//223
f 778//224 779//224 780//224
f 781//225 782//225 783//225
f 784//226 785//226 786//226
f 787//227 788//227 789//227
f 790//228 791//228 792//228
f 793//229 794//229 795//229
f 793//229 795//229 796//229
f 797//230 798//230 799//230
f 797//230 799//230 800//230
f 801//231 802//231 803//231
f 801//231 803//231 804//231
f 805//232 806//232 807//232
f 805//232 807//232 808//232
f 809//233 810//233 811//233
f 809//233 811//233 812//233
f 813//234 814//234 815//234
f 813//234 815//234 816//234
f 817//235 818//235 819//235
f 817//235 819//235 820//235
f 821//236 822//236 823//236
f 821//236 823//236 824//236
f 825//237 826//237 827//237
f 825//237 827//237 828//237
f 829//238 830//238 831//238
f 829//238 831//238 832//238
f 833//239 834//239 835//239
f 833//239 835//239 836//239
f 837//240 838//240 839//240
f 837//240 839//240 840//240
f 841//241 842//241 843//241
f 844//242 845//242 846//242
f 847//243 848//243 849//243
f 850//244 851//244 852//244
f 853//245 854//245 855//245
f 856//246 857//246 858//246
f 859//247 860//247 861//247
f 862//248 863//248 864//248
f 865//249 866//249 867//249
f 868//250 869//250 870//250
f 871//251 872//251 873//251
f 874//252 875//252 876//252
f 877//253 878//253 879//253
f 880//254 881//254 882//254
f 883//255 884//255 885//255
f 886//256 887//256 888//256
f 889//257 890//257 891//257
f 892//258 893//258 894//258
f 895//259 896//259 897//259
f 898//260 899//260 900//260
f 901//261 902//261 903//261
f 904//262 905//262 906//262
f 907//263 908//263 909//263
f 910//264 911//264 912//264
f 913//265 914//265 915//265
f 913//265 915//265 916//265
f 917//266 918//266 919//266
f 917//266 919//266 920//266
f 921//267 922//267 923//267
f 921//267 923//267 924//267
f 925//268 926//268 927//268
f 925//268 927//268 928//268
f 929//269 930//269 931//269
f 929//269 931//269 932//269
f 933//270 934//270 935//270
f 933//270 935//270 936//270
f 937//271 938//271 939//271
f 937//271 939//271 940//271
f 941//272 942//272 943//272
f 941//272 943//272 944//272
f 945//273 946//273 947//273
f 945//273 947//273 948//273
f 949//274 950//274 951//274
f 949//274 951//274 952//274
f 953//275 954//275 955//275
f 953//275 955//275 956//275
f 957//276 958//276 959//276
f 957//276 959//276 960//276
f 961//277 962//277 963//277
f 961//277 963//277 964//277
f 965//278 966//278 967//278
f 965//278 967//278 968//278
f 969//279 970//279 971//279
f 969//279 971//279 972//279
f 973//280 974//280 975//280
f 973//280 975//280 976//280
f 977//281 978//281 979//281
f 977//281 979//281 980//281
f 981//282 982//282 983//282
f 981//282 983//282 984//282
f 985//283 986//283 987//283
f 988//284 989//284 990//284
f 991//285 992//285 993//285
f 994//286 995//286 996//286
f 997//287 998//287 999//287
f 1000//288 1001//288 1002//288
f 1003//289 1004//289 1005//289
f 1006//290 1007//290 1008//290
f 1009//291 1010//291 1011//291
f 1012//292 1013//292 1014//292
f 1015//293 1016//293 1017//293
f 1018//294 1019//294 1020//294
f 1021//295 1022//295 1023//295
f 1024//296 1025//296 1026//296
f 1027//297 1028//297 1029//297
f 1030//298 1031//298 1032//298
f 1033//299 1034//299 1035//299
f 1036//300 1037//300 1038//300
f 1039//301 1040//301 1041//301
f 1042//302 1043//302 1044//302
f 1045//303 1046//303 1047//303
f 1048//304 1049//304 1050//304
f 1051//305 1052//305 1053//305
f 1054//306 1055//306 1056//306
f 1057//307 1058//307 1059//307
f 1057//307 1059//307 1060//307
f 1061//308 1062//308 1063//308
f 1061//308 1063//308 1064//308
f 1065//309 1066//309 1067//309
f 1065//309 1067//309 1068//309
f 1069//310 1070//310 1071//310
f 1069//310 1071//310 1072//310
f 1073//311 1074//311 1075//311
f 1073//311 1075//311 1076//311
f 1077//312 1078//312 1079//312
f 1077//312 1079//312 1080//312
f 1081//313 1082//313 1083//313
f 1081//313 1083//313 1084//313
f 1085//314 1086//314 1087//314
f 1085//314 1087//314 1088//314
f 1089//315 1090//315 1091//315
f 1089//315 1091//315 1092//315
f 1093//316 1094//316 1095//316
f 1093//316 1095//316 1096//316
f 1097//317 1098//317 1099//317
f 1097//317 1099//317 1100//317
f 1101//318 1102//318 1103//318
f 1101//318 1103//318 1104//318
f 1105//319 1106//319 1107//319
f 1108//320 1109//320 1110//320
f 1111//321 1112//321 1113//321
f 1114//322 1115//322 1116//322
f 1117//323 1118//323 1119//323
f 1120//324 1121//324 1122//324
f 1123//325 1124//325 1125//325
f 1126//326 1127//326 1128//326
f 1129//327 1130//327 1131//327
f 1132//328 1133//328 1134//328
f 1135//329 1136//329 1137//329
f 1138//330 1139//330 1140//330
f 1141//331 1142//331 1143//331
f 1144//332 1145//332 1146//332
f 1147//333 1148//333 1149//333
f 1150//334 1151//334 1152//334
f 1153//335 1154//335 1155//335
f 1156//336 1157//336 1158//336
f 1159//337 1160//337 1161//337
f 1162//338 1163//338 1164//338
f 1165//339 1166//339 1167//339
f 1168//340 1169//340 1170//340
f 1171//341 1172//341 1173//341
f 1174//342 1175//342 1176//342
f 1177//343 1178//343 1179//343
f 1177//343 1179//343 1180//343
f 1181//344 1182//344 1183//344
f 1181//344 1183//344 1184//344
f 1185//345 1186//345 1187//345
f 1185//345 1187//345 1188//345
f 1189//346 1190//346 1191//346
f 1189//346 1191//346 1192//346
f 1193//347 1194//347 1195//347
f 1193//347 1195//347 1196//347
f 1197//348 1198//348 1199//348
f 1197//348 1199//348 1200//348
f 1201//349 1202//349 1203//349
f 1201//349 1203//349 1204//349
f 1205//350 1206//350 1207//350
f 1205//350 1207//350 1208//350
f 1209//351 1210//351 1211//351
f 1209//351 1211//351 1212//351
f 1213//352 1214//352 1215//352
f 1213//352 1215//352 1216//352
f 1217//353 1218//353 1219//353
f 1217//353 1219//353 1220//353
f 1221//354 1222//354 1223//354
f 1221//354 1223//354 1224//354
f 1225//355 1226//355 1227//355
f 1225//355 1227//355 1228//355
f 1229//356 1230//356 1231//356
f 1229//356 1231//356 1232//356
f 1233//357 1234//357 1235//357
f 1233//357 1235//357 1236//357
f 1237//358 1238//358 1239//358
f 1237//358 1239//358 1240//358
f 1241//359 1242//359 1243//359
f 1241//359 1243//359 1244//359
f 1245//360 1246//360 1247//360
f 1245//360 1247//360 1248//360
f 1249//361 1250//361 1251//361
f 1252//362 1253//362 1254//362
f 1255//363 1256//363 1257//363
f 1258//364 1259//364 1260//364
f 1261//365 1262//365 1263//365
f 1264//366 1265//366 1266//366
f 1267//367 1268//367 1269//367
f 1270//368 1271//368 1272//368
f 1273//369 1274//369 1275//369
f 1276//370 1277//370 1278//370
f 1279//371 1280//371 1281//371
f 1282//372 1283//372 1284//372
f 1285//373 1286//373 1287//373
f 1288//374 1289//374 1290//374
f 1291//375 1292//375 1293//375
f 1294//376 1295//376 1296//376
f 1297//377 1298//377 1299//377
f 1300//378 1301//378 1302//378
f 1303//379 1304//379 1305//379
f 1306//380 1307//380 1308//380
f 1309//381 1310//381 1311//381
f 1312//382 1313//382 1314//382
f 1315//383 1316//383 1317//383
f 1318//384 1319//384 1320//384
f 1321//385 1322//385 1323//385
f 1321//385 1323//385 1324//385
f 1325//386 1326//386 1327//386
f 1325//386 1327//386 1328//386
f 1329//387 1330//387 1331//387
f 1329//387 1331//387 1332//387
f 1333//388 1334//388 1335//388
f 1333//388 1335//388 1336//388
f 1337//389 1338//389 1339//389
f 1337//389 1339//389 1340//389
f 1341//390 1342//390 1343//390
f 1341//390 1343//390 1344//390
f 1345//391 1346//391 1347//391
f 1345//391 1347//391 1348//391
f 1349//392 1350//392 1351//392
f 1349//392 1351//392 1352//392
f 1353//393 1354//393 1355//393
f 1353//393 1355//393 1356//393
f 1357//394 1358//394 1359//394
f 1357//394 1359//394 1360//394
f 1361//395 1362//395 1363//395
f 1361//395 1363//395 1364//395
f 1365//396 1366//396 1367//396
f 1365//396 1367//396 1368//396
f 1369//397 1370//397 1371//397
f 1372//398 1373//398 1374//398
f 1375//399 1376//399 1377//399
f 1378//400 1379//400 1380//400
f 1381//401 1382//401 1383//401
f 1384//402 1385//402 1386//402
f 1387//403 1388//403 1389//403
f 1390//404 1391//404 1392//404
f 1393//405 1394//405 1395//405
f 1396//406 1397//406 1398//406
f 1399//407 1400//407 1401//407
f 1402//408 1403//408 1404//408
f 1405//409 1406//409 1407//409
f 1408//410 1409//410 1410//410
f 1411//411 1412//411 1413//411
f 1414//412 1415//412 1416//412
f 1417//413 1418//413 1419//413
f 1420//414 1421//414 1422//414
f 1423//415 1424//415 1425//415
f 1426//416 1427//416 1428//416
f 1429//417 1430//417 1431//417
f 1432//418 1433//418 1434//418
f 1435//419 1436//419 1437//419
f 1438//420 1439//420 1440//420
f 1441//421 1442//421 1443//421
f 1441//421 1443//421 1444//421
f 1445//422 1446//422 1447//422
f 1445//422 1447//422 1448//422
f 1449//423 1450//423 1451//423
f 1449//423 1451//423 1452//423
f 1453//424 1454//424 1455//424
f 1453//424 1455//424 1456//424
f 1457//425 1458//425 1459//425
f 1457//425 1459//425 1460//425
f 1461//426 1462//426 1463//426
f 1461//426 1463//426 1464//426
f 1465//427 1466//427 1467//427
f 1465//427 1467//427 1468//427
f 1469//428 1470//428 1471//428
f 1469//428 1471//428 1472//428
f 1473//429 1474//429 1475//429
f 1473//429 1475//429 1476//429
f 1477//430 1478//430 1479//430
f 1477//430 1479//430 1480//430
f 1481//431 1482//431 1483//431
f 1481//431 1483//431 1484//431
f 1485//432 1486//432 1487//432
f 1485//432 1487//432 1488//432
f 1489//433 1490//433 1491//433
f 1489//433 1491//433 1492//433
f 1493//434 1494//434 1495//434
f 1493//434 1495//434 1496//434
f 1497//435 1498//435 1499//435
f 1497//435 1499//435 1500//435
f 1501//436 1502//436 1503//436
f 1501//436 1503//436 1504//436
f 1505//437 1506//437 1507//437
f 1505//437 1507//437 1508//437
f 1509//438 1510//438 1511//438
f 1509//438 1511//438 1512//438
f 1513//439 1514//439 1515//439
f 1516//440 1517//440 1518//440
f 1519//441 1520//441 1521//441
f 1522//442 1523//442 1524//442
f 1525//443 1526//443 1527//443
f 1528//444 1529//444 1530//444
f 1531//445 1532//445 1533//445
f 1534//446 1535//446 1536//446
f 1537//447 1538//447 1539//447
f 1540//448 1541//448 1542//448
f 1543//449 1544//449 1545//449
f 1546//450 1547//450 1548//450
f 1549//451 1550//451 1551//451
f 1552//452 1553//452 1554//452
f 1555//453 1556//453 1557//453
f 1558//454 1559//454 1560//454
f 1561//455 1562//455 1563//455
f 1564//456 1565//456 1566//456
f 1567//457 1568//457 1569//457
f 1570//458 1571//458 1572//458
f 1573//459 1574//459 1575//459
f 1576//460 1577//460 1578//460
f 1579//461 1580//461 1581//461
f 1582//462 1583//462 1584//462
f 1585//463 1586//463 1587//463
f 1585//463 1587//463 1588//463
f 1589//464 1590//464 1591//464
f 1589//464 1591//464 1592//464
f 1593//465 1594//465 1595//465
f 1593//465 1595//465 1596//465
f 1597//466 1598//466 1599//466
f 1597//466 1599//466 1600//466
f 1601//467 1602//467 1603//467
f 1601//467 1603//467 1604//467
f 1605//468 1606//468 1607//468
f 1605//468 1607//468 1608//468
f 1609//469 1610//469 1611//469
f 1609//469 1611//469 1612//469
f 1613//470 1614//470 1615//470
f 1613//470 1615//470 1616//470
f 1617//471 1618//471 1619//471
f 1617//471 1619//471 1620//471
f 1621//472 1622//472 1623//472
f 1621//472 1623//472 1624//472
f 1625//473 1626//473 1627//473
f 1625//473 1627//473 1628//473
f 1629//474 1630//474 1631//474
f 1629//474 1631//474 1632//474
f 1633//475 1634//475 1635//475
f 1636//476 1637//476 1638//476
f 1639//477 1640//477 1641//477
f 1642//478 1643//478 1644//478
f 1645//479 1646//479 1647//479
f 1648//480 1649//480 1650//480
f 1651//481 1652//481 1653//481
f 1654//482 1655//482 1656//482
f 1657//483 1658//483 1659//483
f 1660//484 1661//484 1662//484
f 1663//485 1664//485 1665//485
f 1666//486 1667//486 1668//486
f 1669//487 1670//487 1671//487
f 1672//488 1673//488 1674//488
f 1675//489 1676//489 1677//489
f 1678//490 1679//490 1680//490
f 1681//491 1682//491 1683//491
f 1684//492 1685//492 1686//492
f 1687//493 1688//493 1689//493
f 1690//494 1691//494 1692//494
f 1693//495 1694//495 1695//495
f 1696//496 1697//496 1698//496
f 1699//497 1700//497 1701//497
f 1702//498 1703//498 1704//498
f 1705//499 1706//499 1707//499
f 1705//499 1707//499 1708//499
f 1709//500 1710//500 1711//500
f 1709//500 1711//500 1712//500
f 1713//501 1714//501 1715//501
f 1713//501 1715//501 1716//501
f 1717//502 1718//502 1719//502
f 1717//502 1719//502 1720//502
f 1721//503 1722//503 1723//503
f 1721//503 1723//503 1724//503
f 1725//504 1726//504 1727//504
f 1725//504 1727//504 1728//504
f 1729//505 1730//505 1731//505
f 1729//505 1731//505 1732//505
f 1733//506 1734//506 1735//506
f 1733//506 1735//506 1736//506
f 1737//507 1738//507 1739//507
f 1737//507 1739//507 1740//507
f 1741//508 1742//508 1743//508
f 1741//508 1743//508 1744//508
f 1745//509 1746//509 1747//509
f 1745//509 1747//509 1748//509
f 1749//510 1750//510 1751//510
f 1749//510 1751//510 1752//510
f 1753//511 1754//511 1755//511
f 1753//511 1755//511 1756//511
f 1757//512 1758//512 1759//512
f 1757//512 1759//512 1760//512
f 1761//513 1762//513 1763//513
f 1761//513 1763//513 1764//513
f 1765//514 1766//514 1767//514
f 1765//514 1767//514 1768//514
f 1769//515 1770//515 1771//515
f 1769//515 1771//515 1772//515
f 1773//516 1774//516 1775//516
f 1773//516 1775//516 1776//516
f 1777//517 1778//517 1779//517
f 1780//518 1781//518 1782//518
f 1783//519 1784//519 1785//519
f 1786//520 1787//520 1788//520
f 1789//521 1790//521 1791//521
f 1792//522 1793//522 1794//522
f 1795//523 1796//523 1797//523
f 1798//524 1799//524 1800//524
f 1801//525 1802//525 1803//525
f 1804//526 1805//526 1806//526
f 1807//527 1808//527 1809//527
f 1810//528 1811//528 1812//528
f 1813//529 1814//529 1815//529
f 1816//530 1817//530 1818//530
f 1819//531 1820//531 1821//531
f 1822//532 1823//532 1824//532
f 1825//533 1826//533 1827//533
f 1828//534 1829//534 1830//534
f 1831//535 1832//535 1833//535
f 1834//536 1835//536 1836//536
f 1837//537 1838//537 1839//537
f 1840//538 1841//538 1842//538
f 1843//539 1844//539 1845//539
f 1846//540 1847//540 1848//540
f 1849//541 1850//541 1851//541
f 1849//541 1851//541 1852//541
f 1853//542 1854//542 1855//542
f 1853//542 1855//542 1856//542
f 1857//543 1858//543 1859//543
f 1857//543 1859//543 1860//543
f 1861//544 1862//544 1863//544
f 1861//544 1863//544 1864//544
f 1865//545 1866//545 1867//545
f 1865//545 1867//545 1868//545
f 1869//546 1870//546 1871//546
f 1869//546 1871//546 1872//546
f 1873//547 1874//547 1875//547
f 1873//547 1875//547 1876//547
f 1877//548 1878//548 1879//548
f 1877//548 1879//548 1880//548
f 1881//549 1882//549 1883//549
f 1881//549 1883//549 1884//549
f 1885//550 1886//550 1887//550
f 1885//550 1887//550 1888//550
f 1889//551 1890//551 1891//551
f 1889//551 1891//551 1892//551
f 1893//552 1894//552 1895//552
f 1893//552 1895//552 1896//552
f 1897//553 1898//553 1899//553
f 1900//554 1901//554 1902//554
f 1903//555 1904//555 1905//555
f 1906//556 1907//556 1908//556
f 1909//557 1910//557 1911//557
f 1912//558 1913//558 1914//558
f 1915//559 1916//559 1917//559
f 1918//560 1919//560 1920//560
f 1921//561 1922//561 1923//561
f 1924//562 1925//562 1926//562
f 1927//563 1928//563 1929//563
f 1930//564 1931//564 1932//564
f 1933//565 1934//565 1935//565
f 1936//566 1937//566 1938//566
f 1939//567 1940//567 1941//567
f 1942//568 1943//568 1944//568
f 1945//569 1946//569 1947//569
f 1948//570 1949//570 1950//570
f 1951//571 1952//571 1953//571
f 1954//572 1955//572 1956//572
f 1957//573 1958//573 1959//573
f 1960//574 1961//574 1962//574
f 1963//575 1964//575 1965//575
f 1966//576 1967//576 1968//576
f 1969//577 1970//577 1971//577
f 1969//577 1971//577 1972//577
f 1973//578 1974//578 1975//578
f 1973//578 1975//578 1976//578
f 1977//579 1978//579 1979//579
f 1977//579 1979//579 1980//579
f 1981//580 1982//580 1983//580
f 1981//580 1983//580 1984//580
f 1985//581 1986//581 1987//581
f 1985//581 1987//581 1988//581
f 1989//582 1990//582 1991//582
f 1989//582 1991//582 1992//582
f 1993//583 1994//583 1995//583
f 1993//583 1995//583 1996//583
f 1997//584 1998//584 1999//584
f 1997//584 1999//584 2000//584
f 2001//585 2002//585 2003//585
f 2001//585 2003//585 2004//585
f 2005//586 2006//586 2007//586
f 2005//586 2007//586 2008//586
f 2009//587 2010//587 2011//587
f 2009//587 2011//587 2012//587
f 2013//588 2014//588 2015//588
f 2013//588 2015//588 2016//588
f 2017//589 2018//589 2019//589
f 2017//589 2019//589 2020//589
f 2021//590 2022//590 2023//590
f 2021//590 2023//590 2024//590
f 2025//591 2026//591 2027//591
f 2025//591 2027//591 2028//591
f 2029//592 2030//592 2031//592
f 2029//592 2031//592 2032//592
f 2033//593 2034//593 2035//593
f 2033//593 2035//593 2036//593
f 2037//594 2038//594 2039//594
f 2037//594 2039//594 2040//594
f 2041//595 2042//595 2043//595
f 2044//596 2045//596 2046//596
f 2047//597 2048//597 2049//597
f 2050//598 2051//598 2052//598
f 2053//599 2054//599 2055//599
f 2056//600 2057//600 2058//600
f 2059//601 2060//601 2061//601
f 2062//602 2063//602 2064//602
f 2065//603 2066//603 2067//603
f 2068//604 2069//604 2070//604
f 2071//605 2072//605 2073//605
f 2074//606 2075//606 2076//606
f 2077//607 2078//607 2079//607
f 2080//608 2081//608 2082//608
f 2083//609 2084//609 2085//609
f 2086//610 2087//610 2088//610
f 2089//611 2090//611 2091//611
f 2092//612 2093//612 2094//612
f 2095//613 2096//613 2097//613
f 2098//614 2099//614 2100//614
f 2101//615 2102//615 2103//615
f 2104//616 2105//616 2106//616
f 2107//617 2108//617 2109//617
f 2110//618 2111//618 2112//618
f 2113//619 2114//619 2115//619
f 2113//619 2115//619 2116//619
f 2117//620 2118//620 2119//620
f 2117//620 2119//620 2120//620
f 2121//621 2122//621 2123//621
f 2121//621 2123//621 2124//621
f 2125//622 2126//622 2127//622
f 2125//622 2127//622 2128//622
f 2129//623 2130//623 2131//623
f 2129//623 2131//623 2132//623
f 2133//624 2134//624 2135//624
f 2133//624 2135//624 2136//624
f 2137//625 2138//625 2139//625
f 2137//625 2139//625 2140//625
f 2141//626 2142//626 2143//626
f 2141//626 2143//626 2144//626
f 2145//627 2146//627 2147//627
f 2145//627 2147//627 2148//627
f 2149//628 2150//628 2151//628
f 2149//628 2151//628 2152//628
f 2153//629 2154//629 2155//629
f 2153//629 2155//629 2156//629
f 2157//630 2158//630 2159//630
f 2157//630 2159//630 2160//630
f 2161//631 2162//631 2163//631
f 2164//632 2165//632 2166//632
f 2167//633 2168//633 2169//633
f 2170//634 2171//634 2172//634
f 2173//635 2174//635 2175//635
f 2176//636 2177//636 2178//636
f 2179//637 2180//637 2181//637
f 2182//638 2183//638 2184//638
f 2185//639 2186//639 2187//639
f 2188//640 2189//640 2190//640
f 2191//641 2192//641 2193//641
f 2194//642 2195//642 2196//642
f 2197//643 2198//643 2199//643
f 2200//644 2201//644 2202//644
f 2203//645 2204//645 2205//645
f 2206//646 2207//646 2208//646
f 2209//647 2210//647 2211//647
f 2212//648 2213//648 2214//648
f 2215//649 2216//649 2217//649
f 2218//650 2219//650 2220//650
f 2221//651 2222//651 2223//651
f 2224//652 2225//652 2226//652
f 2227//653 2228//653 2229//653
f 2230//654 2231//654 2232//654
f 2233//655 2234//655 2235//655
f 2233//655 2235//655 2236//655
f 2237//656 2238//656 2239//656
f 2237//656 2239//656 2240//656
f 2241//657 2242//657 2243//657
f 2241//657 2243//657 2244//657
f 2245//658 2246//658 2247//658
f 2245//658 2247//658 2248//658
f 2249//659 2250//659 2251//659
f 2249//659 2251//659 2252//659
f 2253//660 2254//660 2255//660
f 2253//660 2255//660 2256//660
f 2257//661 2258//661 2259//661
f 2257//661 2259//661 2260//661
f 2261//662 2262//662 2263//662
f 2261//662 2263//662 2264//662
f 2265//663 2266//663 2267//663
f 2265//663 2267//663 2268//663
f 2269//664 2270//664 2271//664
f 2269//664 2271//664 2272//664
f 2273//665 2274//665 2275//665
f 2273//665 2275//665 2276//665
f 2277//666 2278//666 2279//666
f 2277//666 2279//666 2280//666
f 2281//667 2282//667 2283//667
f 2281//667 2283//667 2284//667
f 2285//668 2286//668 2287//668
f 2285//668 2287//668 2288//668
f 2289//669 2290//669 2291//669
f 2289//669 2291//669 2292//669
f 2293//670 2294//670 2295//670
f 2293//670 2295//670 2296//670
f 2297//671 2298//671 2299//671
f 2297//671 2299//671 2300//671
f 2301//672 2302//672 2303//672
f 2301//672 2303//672 2304//672
f 2305//673 2306//673 2307//673
f 2308//674 2309//674 2310//674
f 2311//675 2312//675 2313//675
f 2314//676 2315//676 2316//676
f 2317//677 2318//677 2319//677
f 2320//678 2321//678 2322//678
f 2323//679 2324//679 2325//679
f 2326//680 2327//680 2328//680
f 2329//681 2330//681 2331//681
f 2332//682 2333//682 2334//682
f 2335//683 2336//683 2337//683
f 2338//684 2339//684 2340//684
f 2341//685 2342//685 2343//685
f 2344//686 2345//686 2346//686
f 2347//687 2348//687 2349//687
f 2350//688 2351//688 2352//688
f 2353//689 2354//689 2355//689
f 2356//690 2357//690 2358//690
f 2359//691 2360//691 2361//691
f 2362//692 2363//692 2364//692
f 2365//693 2366//693 2367//693
f 2368//694 2369//694 2370//694
f 2371//695 2372//695 2373//695
f 2374//696 2375//696 2376//696
f 2377//697 2378//697 2379//697
f 2377//697 2379//697 2380//697
f 2381//698 2382//698 2383//698
f 2381//698 2383//698 2384//698
f 2385//699 2386//699 2387//699
f 2385//699 2387//699 2388//699
f 2389//700 2390//700 2391//700
f 2389//700 2391//700 2392//700
f 2393//701 2394//701 2395//701
f 2393//701 2395//701 2396//701
f 2397//702 2398//702 2399//702
f 2397//702 2399//702 2400//702
f 2401//703 2402//703 2403//703
f 2401//703 2403//703 2404//703
f 2405//704 2406//704 2407//704
f 2405//704 2407//704 2408//704
f 2409//705 2410//705 2411//705
f 2409//705 2411//705 2412//705
f 2413//706 2414//706 2415//706
f 2413//706 2415//706 2416//706
f 2417//707 2418//707 2419//707
f 2417//707 2419//707 2420//707
f 2421//708 2422//708 2423//708
f 2421//708 2423//708 2424//708
f 2425//709 2426//709 2427//709
f 2428//710 2429//710 2430//710
f 2431//711 2432//711 2433//711
f 2434//712 2435//712 2436//712
f 2437//713 2438//713 2439//713
f 2440//714 2441//714 2442//714
f 2443//715 2444//715 2445//715
f 2446//716 2447//716 2448//716
f 2449//717 2450//717 2451//717
f 2452//718 2453//718 2454//718
f 2455//719 2456//719 2457//719
f 2458//720 2459//720 2460//720
f 2461//721 2462//721 2463//721
f 2464//722 2465//722 2466//722
f 2467//723 2468//723 2469//723
f 2470//724 2471//724 2472//724
f 2473//725 2474//725 2475//725
f 2476//726 2477//726 2478//726
f 2479//727 2480//727 2481//727
f 2482//728 2483//728 2484//728
f 2485//729 2486//729 2487//729
f 2488//730 2489//730 2490//730
f 2491//731 2492//731 2493//731
f 2494//732 2495//732 2496//732
f 2497//733 2498//733 2499//733
f 2497//733 2499//733 2500//733
f 2501//734 2502//734 2503//734
f 2501//734 2503//734 2504//734
f 2505//735 2506//735 2507//735
f 2505//735 2507//735 2508//735
f 2509//736 2510//736 2511//736
f 2509//736 2511//736 2512//736
f 2513//737 2514//737 2515//737
f 2513//737 2515//737 2516//737
f 2517//738 2518//738 2519//738
f 2517//738 2519//738 2520//738
f 2521//739 2522//739 2523//739
f 2521//739 2523//739 2524//739
f 2525//740 2526//740 2527//740
f 2525//740 2527//740 2528//740
f 2529//741 2530//741 2531//741
f 2529//741 2531//741 2532//741
f 2533//742 2534//742 2535//742
f 2533//742 2535//742 2536//742
f 2537//743 2538//743 2539//743
f 2537//743 2539//743 2540//743
f 2541//744 2542//744 2543//744
f 2541//744 2543//744 2544//744
f 2545//745 2546//745 2547//745
f 2545//745 2547//745 2548//745
f 2549//746 2550//746 2551//746
f 2549//746 2551//746 2552//746
f 2553//747 2554//747 2555//747
f 2553//747 2555//747 2556//747
f 2557//748 2558//748 2559//748
f 2557//748 2559//748 2560//748
f 2561//749 2562//749 2563//749
f 2561//749 2563//749 2564//749
f 2565//750 2566//750 2567//750
f 2565//750 2567//750 2568//750
f 2569//751 2570//751 2571//751
f 2572//752 2573//752 2574//752
f 2575//753 2576//753 2577//753
f 2578//754 2579//754 2580//754
f 2581//755 2582//755 2583//755
f 2584//756 2585//756 2586//756
f 2587//757 2588//757 2589//757
f 2590//758 2591//758 2592//758
f 2593//759 2594//759 2595//759
f 2596//760 2597//760 2598//760
f 2599//761 2600//761 2601//761
f 2602//762 2603//762 2604//762
f 2605//763 2606//763 2607//763
f 2608//764 2609//764 2610//764
f 2611//765 2612//765 2613//765
f 2614//766 2615//766 2616//766
f 2617//767 2618//767 2619//767
f 2620//768 2621//768 2622//768
f 2623//769 2624//769 2625//769
f 2626//770 2627//770 2628//770
f 2629//771 2630//771 2631//771
f 2632//772 2633//772 2634//772
f 2635//773 2636//773 2637//773
f 2638//774 2639//774 2640//774
f 2641//775 2642//775 2643//775
f 2641//775 2643//775 2644//775
f 2645//776 2646//776 2647//776
f 2645//776 2647//776 2648//776
f 2649//777 2650//777 2651//777
f 2649//777 2651//777 2652//777
f 2653//778 2654//778 2655//778
f 2653//778 2655//778 2656//778
f 2657//779 2658//779 2659//779
f 2657//779 2659//779 2660//779
f 2661//780 2662//780 2663//780
f 2661//780 2663//780 2664//780
f 2665//781 2666//781 2667//781
f 2665//781 2667//781 2668//781
f 2669//782 2670//782 2671//782
f 2669//782 2671//782 2672//782
f 2673//783 2674//783 2675//783
f 2673//783 2675//783 2676//783
f 2677//784 2678//784 2679//784
f 2677//784 2679//784 2680//784
f 2681//785 2682//785 2683//785
f 2681//785 2683//785 2684//785
f 2685//786 2686//786 2687//786
f 2685//786 2687//786 2688//786
f 2689//787 2690//787 2691//787
f 2692//788 2693//788 2694//788
f 2695//789 2696//789 2697//789
f 2698//790 2699//790 2700//790
f 2701//791 2702//791 2703//791
f 2704//792 2705//792 2706//792
f 2707//793 2708//793 2709//793
f 2710//794 2711//794 2712//794
f 2713//795 2714//795 2715//795
f 2716//796 2717//796 2718//796
f 2719//797 2720//797 2721//797
f 2722//798 2723//798 2724//798
f 2725//799 2726//799 2727//799
f 2728//800 2729//800 2730//800
f 2731//801 2732//801 2733//801
f 2734//802 2735//802 2736//802
f 2737//803 2738//803 2739//803
f 2740//804 2741//804 2742//804
f 2743//805 2744//805 2745//805
f 2746//806 2747//806 2748//806
f 2749//807 2750//807 2751//807
f 2752//808 2753//808 2754//808
f 2755//809 2756//809 2757//809
f 2758//810 2759//810 2760//810
f 2761//811 2762//811 2763//811
f 2761//811 2763//811 2764//811
f 2765//812 2766//812 2767//812
f 2765//812 2767//812 2768//812
f 2769//813 2770//813 2771//813
f 2769//813 2771//813 2772//813
f 2773//814 2774//814 2775//814
f 2773//814 2775//814 2776//814
f 2777//815 2778//815 2779//815
f 2777//815 2779//815 2780//815
f 2781//816 2782//816 2783//816
f 2781//816 2783//816 2784//816
f 2785//817 2786//817 2787//817
f 2785//817 2787//817 2788//817
f 2789//818 2790//818 2791//818
f 2789//818 2791//818 2792//818
f 2793//819 2794//819 2795//819
f 2793//819 2795//819 2796//819
f 2797//820 2798//820 2799//820
f 2797//820 2799//820 2800//820
f 2801//821 2802//821 2803//821
f 2801//821 2803//821 2804//821
f 2805//822 2806//822 2807//822
f 2805//822 2807//822 2808//822
f 2809//823 2810//823 2811//823
f 2809//823 2811//823 2812//823
f 2813//824 2814//824 2815//824
f 2813//824 2815//824 2816//824
f 2817//825 2818//825 2819//825
f 2817//825 2819//825 2820//825
f 2821//826 2822//826 2823//826
f 2821//826 2823//826 2824//826
f 2825//827 2826//827 2827//827
f 2825//827 2827//827 2828//827
f 2829//828 2830//828 2831//828
f 2829//828 2831//828 2832//828
f 2833//829 2834//829 2835//829
f 2836//830 2837//830 2838//830
f 2839//831 2840//831 2841//831
f 2842//832 2843//832 2844//832
f 2845//833 2846//833 2847//833
f 2848//834 2849//834 2850//834
f 2851//835 2852//835 2853//835
f 2854//836 2855//836 2856//836
f 2857//837 2858//837 2859//837
f 2860//838 2861//838 2862//838
f 2863//839 2864//839 2865//839
f 2866//840 2867//840 2868//840
f 2869//841 2870//841 2871//841
f 2872//842 2873//842 2874//842
f 2875//843 2876//843 2877//843
f 2878//844 2879//844 2880//844
f 2881//845 2882//845 2883//845
f 2884//846 2885//846 2886//846
f 2887//847 2888//847 2889//847
f 2890//848 2891//848 2892//848
f 2893//849 2894//849 2895//849
f 2896//850 2897//850 2898//850
f 2899//851 2900//851 2901//851
f 2902//852 2903//852 2904//852
f 2905//853 2906//853 2907//853
f 2905//853 2907//853 2908//853
f 2909//854 2910//854 2911//854
f 2909//854 2911//854 2912//854
f 2913//855 2914//855 2915//855
f 2913//855 2915//855 2916//855
f 2917//856 2918//856 2919//856
f 2917//856 2919//856 2920//856
f 2921//857 2922//857 2923//857
f 2921//857 2923//857 2924//857
f 2925//858 2926//858 2927//858
f 2925//858 2927//858 2928//858
f 2929//859 2930//859 2931//859
f 2929//859 2931//859 2932//859
f 2933//860 2934//860 2935//860
f 2933//860 2935//860 2936//860
f 2937//861 2938//861 2939//861
f 2937//861 2939//861 2940//861
f 2941//862 2942//862 2943//862
f 2941//862 2943//862 2944//862
f 2945//863 2946//863 2947//863
f 2945//863 2947//863 2948//863
f 2949//864 2950//864 2951//864
f 2949//864 2951//864 2952//864
f 2953//865 2954//865 2955//865
f 2956//866 2957//866 2958//866
f 2959//867 2960//867 2961//867
f 2962//868 2963//868 2964//868
f 2965//869 2966//869 2967//869
f 2968//870 2969//870 2970//870
f 2971//871 2972//871 2973//871
f 2974//872 2975//872 2976//872
f 2977//873 2978//873 2979//873
f 2980//874 2981//874 2982//874
f 2983//875 2984//875 2985//875
f 2986//876 2987//876 2988//876
f 2989//877 2990//877 2991//877
f 2992//878 2993//878 2994//878
f 2995//879 2996//879 2997//879
f 2998//880 2999//880 3000//880
f 3001//881 3002//881 3003//881
f 3004//882 3005//882 3006//882
f 3007//883 3008//883 3009//883
f 3010//884 3011//884 3012//884
f 3013//885 3014//885 3015//885
f 3016//886 3017//886 3018//886
f 3019//887 3020//887 3021//887
f 3022//888 3023//888 3024//888
f 3025//889 3026//889 3027//889
f 3025//889 3027//889 3028//889
f 3029//890 3030//890 3031//890
f 3029//890 3031//890 3032//890
f 3033//891 3034//891 3035//891
f 3033//891 3035//891 3036//891
f 3037//892 3038//892 3039//892
f 3037//892 3039//892 3040//892
f 3041//893 3042//893 3043//893
f 3041//893 3043//893 3044//893
f 3045//894 3046//894 3047//894
f 3045//894 3047//894 3048//894
f 3049//895 3050//895 3051//895
f 3049//895 3051//895 3052//895
f 3053//896 3054//896 3055//896
f 3053//896 3055//896 3056//896
f 3057//897 3058//897 3059//897
f 3057//897 3059//897 3060//897
f 3061//898 3062//898 3063//898
f 3061//898 3063//898 3064//898
f 3065//899 3066//899 3067//899
f 3065//899 3067//899 3068//899
f 3069//900 3070//900 3071//900
f 3069//900 3071//900 3072//900
f 3073//901 3074//901 3075//901
f 3073//901 3075//901 3076//901
f 3077//902 3078//902 3079//902
f 3077//902 3079//902 3080//902
f 3081//903 3082//903 3083//903
f 3081//903 3083//903 3084//903
f 3085//904 3086//904 3087//904
f 3085//904 3087//904 3088//904
f 3089//905 3090//905 3091//905
f 3089//905 3091//905 3092//905
f 3093//906 3094//906 3095//906
f 3093//906 3095//906 3096//906
f 3097//907 3098//907 3099//907
f 3100//908 3101//908 3102//908
f 3103//909 3104//909 3105//909
f 3106//910 3107//910 3108//910
f 3109//911 3110//911 3111//911
f 3112//912 3113//912 3114//912
f 3115//913 3116//913 3117//913
f 3118//914 3119//914 3120//914
f 3121//915 3122//915 3123//915
f 3124//916 3125//916 3126//916
f 3127//917 3128//917 3129//917
f 3130//918 3131//918 3132//918
f 3133//919 3134//919 3135//919
f 3136//920 3137//920 3138//920
f 3139//921 3140//921 3141//921
f 3142//922 3143//922 3144//922
f 3145//923 3146//923 3147//923
f 3148//924 3149//924 3150//924
f 3151//925 3152//925 3153//925
f 3154//926 3155//926 3156//926
f 3157//927 3158//927 3159//927
f 3160//928 3161//928 3162//928
f 3163//929 3164//929 3165//929
f 3166//930 3167//930 3168//930
f 3169//931 3170//931 3171//931
f 3169//931 3171//931 3172//931
f 3173//932 3174//932 3175//932
f 3173//932 3175//932 3176//932
f 3177//933 3178//933 3179//933
f 3177//933 3179//933 3180//933
f 3181//934 3182//934 3183//934
f 3181//934 3183//934 3184//934
f 3185//935 3186//935 3187//935
f 3185//935 3187//935 3188//935
f 3189//936 3190//936 3191//936
f 3189//936 3191//936 3192//936
f 3193//937 3194//937 3195//937
f 3193//937 3195//937 3196//937
f 3197//938 3198//938 3199//938
f 3197//938 3199//938 3200//938
f 3201//939 3202//939 3203//939
f 3201//939 3203//939 3204//939
f 3205//940 3206//940 3207//940
f 3205//940 3207//940 3208//940
f 3209//941 3210//941 3211//941
f 3209//941 3211//941 3212//941
f 3213//942 3214//942 3215//942
f 3213//942 3215//942 3216//942
f 3217//943 3218//943 3219//943
f 3220//944 3221//944 3222//944
f 3223//945 3224//945 3225//945
f 3226//946 3227//946 3228//946
f 3229//947 3230//947 3231//947
f 3232//948 3233//948 3234//948
f 3235//949 3236//949 3237//949
f 3238//950 3239//950 3240//950
f 3241//951 3242//951 3243//951
f 3244//952 3245//952 3246//952
f 3247//953 3248//953 3249//953
f 3250//954 3251//954 3252//954
f 3253//955 3254//955 3255//955
f 3256//956 3257//956 3258//956
f 3259//957 3260//957 3261//957
f 3262//958 3263//958 3264//958
f 3265//959 3266//959 3267//959
f 3268//960 3269//960 3270//960
f 3271//961 3272//961 3273//961
f 3274//962 3275//962 3276//962
f 3277//963 3278//963 3279//963
f 3280//964 3281//964 3282//964
f 3283//965 3284//965 3285//965
f 3286//966 3287//966 3288//966
f 3289//967 3290//967 3291//967
f 3289//967 3291//967 3292//967
f 3293//968 3294//968 3295//968
f 3293//968 3295//968 3296//968
f 3297//969 3298//969 3299//969
f 3297//969 3299//969 3300//969
f 3301//970 3302//970 3303//970
f 3301//970 3303//970 3304//970
f 3305//971 3306//971 3307//971
f 3305//971 3307//971 3308//971
f 3309//972 3310//972 3311//972
f 3309//972 3311//972 3312//972
f 3313//973 3314//973 3315//973
f 3313//973 3315//973 3316//973
f 3317//974 3318//974 3319//974
f 3317//974 3319//974 3320//974
f 3321//975 3322//975 3323//975
f 3321//975 3323//975 3324//975
f 3325//976 3326//976 3327//976
f 3325//976 3327//976 3328//976
f 3329//977 3330//977 3331//977
f 3329//977 3331//977 3332//977
f 3333//978 3334//978 3335//978
f 3333//978 3335//978 3336//978
f 3337//979 3338//979 3339//979
f 3337//979 3339//979 3340//979
f 3341//980 3342//980 3343//980
f 3341//980 3343//980 3344//980
f 3345//981 3346//981 3347//981
f 3345//981 3347//981 3348//981
f 3349//982 3350//982 3351//982
f 3349//982 3351//982 3352//982
f 3353//983 3354//983 3355//983
f 3353//983 3355//983 3356//983
f 3357//984 3358//984 3359//984
f 3357//984 3359//984 3360//984
f 3361//985 3362//985 3363//985
f 3364//986 3365//986 3366//986
f 3367//987 3368//987 3369//987
f 3370//988 3371//988 3372//988
f 3373//989 3374//989 3375//989
f 3376//990 3377//990 3378//990
f 3379//991 3380//991 3381//991
f 3382//992 3383//992 3384//992
f 3385//993 3386//993 3387//993
f 3388//994 3389//994 3390//994
f 3391//995 3392//995 3393//995
f 3394//996 3395//996 3396//996
f 3397//997 3398//997 3399//997
f 3400//998 3401//998 3402//998
f 3403//999 3404//999 3405//999
f 3406//1000 3407//1000 3408//1000
f 3409//1001 3410//1001 3411//1001
f 3412//1002 3413//1002 3414//1002
f 3415//1003 3416//1003 3417//1003
f 3418//1004 3419//1004 3420//1004
f 3421//1005 3422//1005 3423//1005
f 3424//1006 3425//1006 3426//1006
f 3427//1007 3428//1007 3429//1007
f 3430//1008 3431//1008 3432//1008
f 3433//1009 3434//1009 3435//1009
f 3433//1009 3435//1009 3436//1009
f 3437//1010 3438//1010 3439//1010
f 3437//1010 3439//1010 3440//1010
f 3441//1011 3442//1011 3443//1011
f 3441//1011 3443//1011 3444//1011
f 3445//1012 3446//1012 3447//1012
f 3445//1012 3447//1012 3448//1012
f 3449//1013 3450//1013 3451//1013
f 3449//1013 3451//1013 3452//1013
f 3453//1014 3454//1014 3455//1014
f 3453//1014 3455//1014 3456//1014
f 3457//1015 3458//1015 3459//1015
f 3457//1015 3459//1015 3460//1015
f 3461//1016 3462//1016 3463//1016
f 3461//1016 3463//1016 3464//1016
f 3465//1017 3466//1017 3467//1017
f 3465//1017 3467//1017 3468//1017
f 3469//1018 3470//1018 3471//1018
f 3469//1018 3471//1018 3472//1018
f 3473//1019 3474//1019 3475//1019
f 3473//1019 3475//1019 3476//1019
f 3477//1020 3478//1020 3479//1020
f 3477//1020 3479//1020 3480//1020
f 3481//1021 3482//1021 3483//1021
f 3484//1022 3485//1022 3486//1022
f 3487//1023 3488//1023 3489//1023
f 3490//1024 3491//1024 3492//1024
f 3493//1025 3494//1025 3495//1025
f 3496//1026 3497//1026 3498//1026
f 3499//1027 3500//1027 3501//1027
f 3502//1028 3503//1028 3504//1028
f 3505//1029 3506//1029 3507//1029
f 3508//1030 3509//1030 3510//1030
f 3511//1031 3512//1031 3513//1031
f 3514//1032 3515//1032 3516//1032
f 3517//1033 3518//1033 3519//1033
f 3520//1034 3521//1034 3522//1034
f 3523//1035 3524//1035 3525//1035
f 3526//1036 3527//1036 3528//1036
f 3529//1037 3530//1037 3531//1037
f 3532//1038 3533//1038 3534//1038
f 3535//1039 3536//1039 3537//1039
f 3538//1040 3539//1040 3540//1040
f 3541//1041 3542//1041 3543//1041
f 3544//1042 3545//1042 3546//1042
f 3547//1043 3548//1043 3549//1043
f 3550//1044 3551//1044 3552//1044
f 3553//1045 3554//1045 3555//1045
f 3553//1045 3555//1045 3556//1045
f 3557//1046 3558//1046 3559//1046
f 3557//1046 3559//1046 3560//1046
f 3561//1047 3562//1047 3563//1047
f 3561//1047 3563//1047 3564//1047
f 3565//1048 3566//1048 3567//1048
f 3565//1048 3567//1048 3568//1048
f 3569//1049 3570//1049 3571//1049
f 3569//1049 3571//1049 3572//1049
f 3573//1050 3574//1050 3575//1050
f 3573//1050 3575//1050 3576//1050
f 3577//1051 3578//1051 3579//1051
f 3577//1051 3579//1051 3580//1051
f 3581//1052 3582//1052 3583//1052
f 3581//1052 3583//1052 3584//1052
f 3585//1053 3586//1053 3587//1053
f 3585//1053 3587//1053 3588//1053
f 3589//1054 3590//1054 3591//1054
f 3589//1054 3591//1054 3592//1054
f 3593//1055 3594//1055 3595//1055
f 3593//1055 3595//1055 3596//1055
f 3597//1056 3598//1056 3599//1056
f 3597//1056 3599//1056 3600//1056
f 3601//1057 3602//1057 3603//1057
f 3601//1057 3603//1057 3604//1057
f 3605//1058 3606//1058 3607//1058
f 3605//1058 3607//1058 3608//1058
f 3609//1059 3610//1059 3611//1059
f 3609//1059 3611//1059 3612//1059
f 3613//1060 3614//1060 3615//1060
f 3613//1060 3615//1060 3616//1060
f 3617//1061 3618//1061 3619//1061
f 3617//1061 3619//1061 3620//1061
f 3621//1062 3622//1062 3623//1062
f 3621//1062 3623//1062 3624//1062
f 3625//1063 3626//1063 3627//1063
f 3628//1064 3629//1064 3630//1064
f 3631//1065 3632//1065 3633//1065
f 3634//1066 3635//1066 3636//1066
f 3637//1067 3638//1067 3639//1067
f 3640//1068 3641//1068 3642//1068
f 3643//1069 3644//1069 3645//1069
f 3646//1070 3647//1070 3648//1070
f 3649//1071 3650//1071 3651//1071
f 3652//1072 3653//1072 3654//1072
f 3655//1073 3656//1073 3657//1073
f 3658//1074 3659//1074 3660//1074
f 3661//1075 3662//1075 3663//1075
f 3664//1076 3665//1076 3666//1076
f 3667//1077 3668//1077 3669//1077
f 3670//1078 3671//1078 3672//1078
f 3673//1079 3674//1079 3675//1079
f 3676//1080 3677//1080 3678//1080
f 3679//1081 3680//1081 3681//1081
f 3682//1082 3683//1082 3684//1082
f 3685//1083 3686//1083 3687//1083
f 3688//1084 3689//1084 3690//1084
f 3691//1085 3692//1085 3693//1085
f 3694//1086 3695//1086 3696//1086
f 3697//1087 3698//1087 3699//1087
f 3697//1087 3699//1087 3700//1087
f 3701//1088 3702//1088 3703//1088
f 3701//1088 3703//1088 3704//1088
f 3705//1089 3706//1089 3707//1089
f 3705//1089 3707//1089 3708//1089
f 3709//1090 3710//1090 3711//1090
f 3709//1090 3711//1090 3712//1090
f 3713//1091 3714//1091 3715//1091
f 3713//1091 3715//1091 3716//1091
f 3717//1092 3718//1092 3719//1092
f 3717//1092 3719//1092 3720//1092
f 3721//1093 3722//1093 3723//1093
f 3721//1093 3723//1093 3724//1093
f 3725//1094 3726//1094 3727//1094
f 3725//1094 3727//1094 3728//1094
f 3729//1095 3730//1095 3731//1095
f 3729//1095 3731//1095 3732//1095
f 3733//1096 3734//1096 3735//1096
f 3733//1096 3735//1096 3736//1096
f 3737//1097 3738//1097 3739//1097
f 3737//1097 3739//1097 3740//1097
f 3741//1098 3742//1098 3743//1098
f 3741//1098 3743//1098 3744//1098
f 3745//1099 3746//1099 3747//1099
f 3748//1100 3749//1100 3750//1100
f 3751//1101 3752//1101 3753//1101
f 3754//1102 3755//1102 3756//1102
f 3757//1103 3758//1103 3759//1103
f 3760//1104 3761//1104 3762//1104
f 3763//1105 3764//1105 3765//1105
f 3766//1106 3767//1106 3768//1106
f 3769//1107 3770//1107 3771//1107
f 3772//1108 3773//1108 3774//1108
f 3775//1109 3776//1109 3777//1109
f 3778//1110 3779//1110 3780//1110
f 3781//1111 3782//1111 3783//1111
f 3784//1112 3785//1112 3786//1112
f 3787//1113 3788//1113 3789//1113
f 3790//1114 3791//1114 3792//1114
f 3793//1115 3794//1115 3795//1115
f 3796//1116 3797//1116 3798//1116
f 3799//1117 3800//1117 3801//1117
f 3802//1118 3803//1118 3804//1118
f 3805//1119 3806//1119 3807//1119
f 3808//1120 3809//1120 3810//1120
f 3811//1121 3812//1121 3813//1121
f 3814//1122 3815//1122 3816//1122
f 3817//1123 3818//1123 3819//1123
f 3817//1123 3819//1123 3820//1123
f 3821//1124 3822//1124 3823//1124
f 3821//1124 3823//1124 3824//1124
f 3825//1125 3826//1125 3827//1125
f 3825//1125 3827//1125 3828//1125
f 3829//1126 3830//1126 3831//1126
f 3829//1126 3831//1126 3832//1126
f 3833//1127 3834//1127 3835//1127
f 3833//1127 3835//1127 3836//1127
f 3837//1128 3838//1128 3839//1128
f 3837//1128 3839//1128 3840//1128
f 3841//1129 3842//1129 3843//1129
f 3841//1129 3843//1129 3844//1129
f 3845//1130 3846//1130 3847//1130
f 3845//1130 3847//1130 3848//1130
f 3849//1131 3850//1131 3851//1131
f 3849//1131 3851//1131 3852//1131
f 3853//1132 3854//1132 3855//1132
f 3853//1132 3855//1132 3856//1132
f 3857//1133 3858//1133 3859//1133
f 3857//1133 3859//1133 3860//1133
f 3861//1134 3862//1134 3863//1134
f 3861//1134 3863//1134 3864//1134
f 3865//1135 3866//1135 3867//1135
f 3865//1135 3867//1135 3868//1135
f 3869//1136 3870//1136 3871//1136
f 3869//1136 3871//1136 3872//1136
f 3873//1137 3874//1137 3875//1137
f 3873//1137 3875//1137 3876//1137
f 3877//1138 3878//1138 3879//1138
f 3877//1138 3879//1138 3880//1138
f 3881//1139 3882//1139 3883//1139
f 3881//1139 3883//1139 3884//1139
f 3885//1140 3886//1140 3887//1140
f 3885//1140 3887//1140 3888//1140
f 3889//1141 3890//1141 3891//1141
f 3892//1142 3893//1142 3894//1142
f 3895//1143 3896//1143 3897//1143
f 3898//1144 3899//1144 3900//1144
f 3901//1145 3902//1145 3903//1145
f 3904//1146 3905//1146 3906//1146
f 3907//1147 3908//1147 3909//1147
f 3910//1148 3911//1148 3912//1148
f 3913//1149 3914//1149 3915//1149
f 3916//1150 3917//1150 3918//1150
f 3919//1151 3920//1151 3921//1151
f 3922//1152 3923//1152 3924//1152
f 3925//1153 3926//1153 3927//1153
f 3928//1154 3929//1154 3930//1154
f 3931//1155 3932//1155 3933//1155
f 3934//1156 3935//1156 3936//1156
f 3937//1157 3938//1157 3939//1157
f 3940//1158 3941//1158 3942//1158
f 3943//1159 3944//1159 3945//1159
f 3946//1160 3947//1160 3948//1160
f 3949//1161 3950//1161 3951//1161
f 3952//1162 3953//1162 3954//1162
f 3955//1163 3956//1163 3957//1163
f 3958//1164 3959//1164 3960//1164
f 3961//1165 3962//1165 3963//1165
f 3961//1165 3963//1165 3964//1165
f 3965//1166 3966//1166 3967//1166
f 3965//1166 3967//1166 3968//1166
f 3969//1167 3970//1167 3971//1167
f 3969//1167 3971//1167 3972//1167
f 3973//1168 3974//1168 3975//1168
f 3973//1168 3975//1168 3976//1168
f 3977//1169 3978//1169 3979//1169
f 3977//1169 3979//1169 3980//1169
f 3981//1170 3982//1170 3983//1170
f 3981//1170 3983//1170 3984//1170
f 3985//1171 3986//1171 3987//1171
f 3985//1171 3987//1171 3988//1171
f 3989//1172 3990//1172 3991//1172
f 3989//1172 3991//1172 3992//1172
f 3993//1173 3994//1173 3995//1173
f 3993//1173 3995//1173 3996//1173
f 3997//1174 3998//1174 3999//1174
f 3997//1174 3999//1174 4000//1174
f 4001//1175 4002//1175 4003//1175
f 4001//1175 4003//1175 4004//1175
f 4005//1176 4006//1176 4007//1176
f 4005//1176 4007//1176 4008//1176
f 4009//1177 4010//1177 4011//1177
f 4012//1178 4013//1178 4014//1178
f 4015//1179 4016//1179 4017//1179
f 4018//1180 4019//1180 4020//1180
f 4021//1181 4022//1181 4023//1181
f 4024//1182 4025//1182 4026//1182
f 4027//1183 4028//1183 4029//1183
f 4030//1184 4031//1184 4032//1184
f 4033//1185 4034//1185 4035//1185
f 4036//1186 4037//1186 4038//1186
f 4039//1187 4040//1187 4041//1187
f 4042//1188 4043//1188 4044//1188
f 4045//1189 4046//1189 4047//1189
f 4048//1190 4049//1190 4050//1190
f 4051//1191 4052//1191 4053//1191
f 4054//1192 4055//1192 4056//1192
f 4057//1193 4058//1193 4059//1193
f 4060//1194 4061//1194 4062//1194
f 4063//1195 4064//1195 4065//1195
f 4066//1196 4067//1196 4068//1196
f 4069//1197 4070//1197 4071//1197
f 4072//1198 4073//1198 4074//1198
f 4075//1199 4076//1199 4077//1199
f 4078//1200 4079//1200 4080//1200
f 4081//1201 4082//1201 4083//1201
f 4081//1201 4083//1201 4084//1201
f 4085//1202 4086//1202 4087//1202
f 4085//1202 4087//1202 4088//1202
f 4089//1203 4090//1203 4091//1203
f 4089//1203 4091//1203 4092//1203
f 4093//1204 4094//1204 4095//1204
f 4093//1204 4095//1204 4096//1204
f 4097//1205 4098//1205 4099//1205
f 4097//1205 4099//1205 4100//1205
f 4101//1206 4102//1206 4103//1206
f 4101//1206 4103//1206 4104//1206
f 4105//1207 4106//1207 4107//1207
f 4105//1207 4107//1207 4108//1207
f 4109//1208 4110//1208 4111//1208
f 4109//1208 4111//1208 4112//1208
f 4113//1209 4114//1209 4115//1209
f 4113//1209 4115//1209 4116//1209
f 4117//1210 4118//1210 4119//1210
f 4117//1210 4119//1210 4120//1210
f 4121//1211 4122//1211 4123//1211
f 4121//1211 4123//1211 4124//1211
f 4125//1212 4126//1212 4127//1212
f 4125//1212 4127//1212 4128//1212
f 4129//1213 4130//1213 4131//1213
f 4129//1213 4131//1213 4132//1213
f 4133//1214 4134//1214 4135//1214
f 4133//1214 4135//1214 4136//1214
f 4137//1215 4138//1215 4139//1215
f 4137//1215 4139//1215 4140//1215
f 4141//1216 4142//1216 4143//1216
f 4141//1216 4143//1216 4144//1216
f 4145//1217 4146//1217 4147//1217
f 4145//1217 4147//1217 4148//1217
f 4149//1218 4150//1218 4151//1218
f 4149//1218 4151//1218 4152//1218
f 4153//1219 4154//1219 4155//1219
f 4156//1220 4157//1220 4158//1220
f 4159//1221 4160//1221 4161//1221
f 4162//1222 4163//1222 4164//1222
f 4165//1223 4166//1223 4167//1223
f 4168//1224 4169//1224 4170//1224
f 4171//1225 4172//1225 4173//1225
f 4174//1226 4175//1226 4176//1226
f 4177//1227 4178//1227 4179//1227
f 4180//1228 4181//1228 4182//1228
f 4183//1229 4184//1229 4185//1229
f 4186//1230 4187//1230 4188//1230
f 4189//1231 4190//1231 4191//1231
f 4192//1232 4193//1232 4194//1232
f 4195//1233 4196//1233 4197//1233
f 4198//1234 4199//1234 4200//1234
f 4201//1235 4202//1235 4203//1235
f 4204//1236 4205//1236 4206//1236
f 4207//1237 4208//1237 4209//1237
f 4210//1238 4211//1238 4212//1238
f 4213//1239 4214//1239 4215//1239
f 4216//1240 4217//1240 4218//1240
f 4219//1241 4220//1241 4221//1241
f 4222//1242 4223//1242 4224//1242
f 4225//1243 4226//1243 4227//1243
f 4225//1243 4227//1243 4228//1243
f 4229//1244 4230//1244 4231//1244
f 4229//1244 4231//1244 4232//1244
f 4233//1245 4234//1245 4235//1245
f 4233//1245 4235//1245 4236//1245
f 4237//1246 4238//1246 4239//1246
f 4237//1246 4239//1246 4240//1246
f 4241//1247 4242//1247 4243//1247
f 4241//1247 4243//1247 4244//1247
f 4245//1248 4246//1248 4247//1248
f 4245//1248 4247//1248 4248//1248
f 4249//1249 4250//1249 4251//1249
f 4249//1249 4251//1249 4252//1249
f 4253//1250 4254//1250 4255//1250
f 4253//1250 4255//1250 4256//1250
f 4257//1251 4258//1251 4259//1251
f 4257//1251 4259//1251 4260//1251
f 4261//1252 4262//1252 4263//1252
f 4261//1252 4263//1252 4264//1252
f 4265//1253 4266//1253 4267//1253
f 4265//1253 4267//1253 4268//1253
f 4269//1254 4270//1254 4271//1254
f 4269//1254 4271//1254 4272//1254
f 4273//1255 4274//1255 4275//1255
f 4276//1256 4277//1256 4278//1256
f 4279//1257 4280//1257 4281//1257
f 4282//1258 4283//1258 4284//1258
f 4285//1259 4286//1259 4287//1259
f 4288//1260 4289//1260 4290//1260
f 4291//1261 4292//1261 4293//1261
f 4294//1262 4295//1262 4296//1262
f 4297//1263 4298//1263 4299//1263
f 4300//1264 4301//1264 4302//1264
f 4303//1265 4304//1265 4305//1265
f 4306//1266 4307//1266 4308//1266
f 4309//1267 4310//1267 4311//1267
f 4312//1268 4313//1268 4314//1268
f 4315//1269 4316//1269 4317//1269
f 4318//1270 4319//1270 4320//1270
f 4321//1271 4322//1271 4323//1271
f 4324//1272 4325//1272 4326//1272
f 4327//1273 4328//1273 4329//1273
f 4330//1274 4331//1274 4332//1274
f 4333//1275 4334//1275 4335//1275
f 4336//1276 4337//1276 4338//1276
f 4339//1277 4340//1277 4341//1277
f 4342//1278 4343//1278 4344//1278
f 4345//1279 4346//1279 4347//1279
f 4345//1279 4347//1279 4348//1279
f 4349//1280 4350//1280 4351//1280
f 4349//1280 4351//1280 4352//1280
f 4353//1281 4354//1281 4355//1281
f 4353//1281 4355//1281 4356//1281
f 4357//1282 4358//1282 4359//1282
f 4357//1282 4359//1282 4360//1282
f 4361//1283 4362//1283 4363//1283
f 4361//1283 4363//1283 4364//1283
f 4365//1284 4366//1284 4367//1284
f 4365//1284 4367//1284 4368//1284
f 4369//1285 4370//1285 4371//1285
f 4369//1285 4371//1285 4372//1285
f 4373//1286 4374//1286 4375//1286
f 4373//1286 4375//1286 4376//1286
f 4377//1287 4378//1287 4379//1287
f 4377//1287 4379//1287 4380//1287
f 4381//1288 4382//1288 4383//1288
f 4381//1288 4383//1288 4384//1288
f 4385//1289 4386//1289 4387//1289
f 4385//1289 4387//1289 4388//1289
f 4389//1290 4390//1290 4391//1290
f 4389//1290 4391//1290 4392//1290
f 4393//1291 4394//1291 4395//1291
f 4393//1291 4395//1291 4396//1291
f 4397//1292 4398//1292 4399//1292
f 4397//1292 4399//1292 4400//1292
f 4401//1293 4402//1293 4403//1293
f 4401//1293 4403//1293 4404//1293
f 4405//1294 4406//1294 4407//1294
f 4405//1294 4407//1294 4408//1294
f 4409//1295 4410//1295 4411//1295
f 4409//1295 4411//1295 4412//1295
f 4413//1296 4414//1296 4415//1296
f 4413//1296 4415//1296 4416//1296
f 4417//1297 4418//1297 4419//1297
f 4420//1298 4421//1298 4422//1298
f 4423//1299 4424//1299 4425//1299
f 4426//1300 4427//1300 4428//1300
f 4429//1301 4430//1301 4431//1301
f 4432//1302 4433//1302 4434//1302
f 4435//1303 4436//1303 4437//1303
f 4438//1304 4439//1304 4440//1304
f 4441//1305 4442//1305 4443//1305
f 4444//1306 4445//1306 4446//1306
f 4447//1307 4448//1307 4449//1307
f 4450//1308 4451//1308 4452//1308
f 4453//1309 4454//1309 4455//1309
f 4456//1310 4457//1310 4458//1310
f 4459//1311 4460//1311 4461//1311
f 4462//1312 4463//1312 4464//1312
f 4465//1313 4466//1313 4467//1313
f 4468//1314 4469//1314 4470//1314
f 4471//1315 4472//1315 4473//1315
f 4474//1316 4475//1316 4476//1316
f 4477//1317 4478//1317 4479//1317
f 4480//1318 4481//1318 4482//1318
f 4483//1319 4484//1319 4485//1319
f 4486//1320 4487//1320 4488//1320
f 4489//1321 4490//1321 4491//1321
f 4489//1321 4491//1321 4492//1321
f 4493//1322 4494//1322 4495//1322
f 4493//1322 4495//1322 4496//1322
f 4497//1323 4498//1323 4499//1323
f 4497//1323 4499//1323 4500//1323
f 4501//1324 4502//1324 4503//1324
f 4501//1324 4503//1324 4504//1324
f 4505//1325 4506//1325 4507//1325
f 4505//1325 4507//1325 4508//1325
f 4509//1326 4510//1326 4511//1326
f 4509//1326 4511//1326 4512//1326
f 4513//1327 4514//1327 4515//1327
f 4513//1327 4515//1327 4516//1327
f 4517//1328 4518//1328 4519//1328
f 4517//1328 4519//1328 4520//1328
f 4521//1329 4522//1329 4523//1329
f 4521//1329 4523//1329 4524//1329
f 4525//1330 4526//1330 4527//1330
f 4525//1330 4527//1330 4528//1330
f 4529//1331 4530//1331 4531//1331
f 4529//1331 4531//1331 4532//1331
f 4533//1332 4534//1332 4535//1332
f 4533//1332 4535//1332 4536//1332
f 4537//1333 4538//1333 4539//1333
f 4540//1334 4541//1334 4542//1334
f 4543//1335 4544//1335 4545//1335
f 4546//1336 4547//1336 4548//1336
f 4549//1337 4550//1337 4551//1337
f 4552//1338 4553//1338 4554//1338
f 4555//1339 4556//1339 4557//1339
f 4558//1340 4559//1340 4560//1340
f 4561//1341 4562//1341 4563//1341
f 4564//1342 4565//1342 4566//1342
f 4567//1343 4568//1343 4569//1343
f 4570//1344 4571//1344 4572//1344
f 4573//1345 4574//1345 4575//1345
f 4576//1346 4577//1346 4578//1346
f 4579//1347 4580//1347 4581//1347
f 4582//1348 4583//1348 4584//1348
f 4585//1349 4586//1349 4587//1349
f 4588//1350 4589//1350 4590//1350
f 4591//1351 4592//1351 4593//1351
f 4594//1352 4595//1352 4596//1352
f 4597//1353 4598//1353 4599//1353
f 4600//1354 4601//1354 4602//1354
f 4603//1355 4604//1355 4605//1355
f 4606//1356 4607//1356 4608//1356
f 4609//1357 4610//1357 4611//1357
f 4609//1357 4611//1357 4612//1357
f 4613//1358 4614//1358 4615//1358
f 4613//1358 4615//1358 4616//1358
f 4617//1359 4618//1359 4619//1359
f 4617//1359 4619//1359 4620//1359
f 4621//1360 4622//1360 4623//1360
f 4621//1360 4623//1360 4624//1360
f 4625//1361 4626//1361 4627//1361
f 4625//1361 4627//1361 4628//1361
f 4629//1362 4630//1362 4631//1362
f 4629//1362 4631//1362 4632//1362
f 4633//1363 4634//1363 4635//1363
f 4633//1363 4635//1363 4636//1363
f 4637//1364 4638//1364 4639//1364
f 4637//1364 4639//1364 4640//1364
f 4641//1365 4642//1365 4643//1365
f 4641//1365 4643//1365 4644//1365
f 4645//1366 4646//1366 4647//1366
f 4645//1366 4647//1366 4648//1366
f 4649//1367 4650//1367 4651//1367
f 4649//1367 4651//1367 4652//1367
f 4653//1368 4654//1368 4655//1368
f 4653//1368 4655//1368 4656//1368
f 4657//1369 4658//1369 4659//1369
f 4657//1369 4659//1369 4660//1369
f 4661//1370 4662//1370 4663//1370
f 4661//1370 4663//1370 4664//1370
f 4665//1371 4666//1371 4667//1371
f 4665//1371 4667//1371 4668//1371
f 4669//1372 4670//1372 4671//1372
f 4669//1372 4671//1372 4672//1372
f 4673//1373 4674//1373 4675//1373
f 4673//1373 4675//1373 4676//1373
f 4677//1374 4678//1374 4679//1374
f 4677//1374 4679//1374 4680//1374
f 4681//1375 4682//1375 4683//1375
f 4684//1376 4685//1376 4686//1376
f 4687//1377 4688//1377 4689//1377
f 4690//1378 4691//1378 4692//1378
f 4693//1379 4694//1379 4695//1379
f 4696//1380 4697//1380 4698//1380
f 4699//1381 4700//1381 4701//1381
f 4702//1382 4703//1382 4704//1382
f 4705//1383 4706//1383 4707//1383
f 4708//1384 4709//1384 4710//1384
f 4711//1385 4712//1385 4713//1385
f 4714//1386 4715//1386 4716//1386
f 4717//1387 4718//1387 4719//1387
f 4720//1388 4721//1388 4722//1388
f 4723//1389 4724//1389 4725//1389
f 4726//1390 4727//1390 4728//1390
f 4729//1391 4730//1391 4731//1391
f 4732//1392 4733//1392 4734//1392
f 4735//1393 4736//1393 4737//1393
f 4738//1394 4739//1394 4740//1394
f 4741//1395 4742//1395 4743//1395
f 4744//1396 4745//1396 4746//1396
f 4747//1397 4748//1397 4749//1397
f 4750//1398 4751//1398 4752//1398
f 4753//1399 4754//1399 4755//1399
f 4753//1399 4755//1399 4756//1399
f 4757//1400 4758//1400 4759//1400
f 4757//1400 4759//1400 4760//1400
f 4761//1401 4762//1401 4763//1401
f 4761//1401 4763//1401 4764//1401
f 4765//1402 4766//1402 4767//1402
f 4765//1402 4767//1402 4768//1402
f 4769//1403 4770//1403 4771//1403
f 4769//1403 4771//1403 4772//1403
f 4773//1404 4774//1404 4775//1404
f 4773//1404 4775//1404 4776//1404
f 4777//1405 4778//1405 4779//1405
f 4777//1405 4779//1405 4780//1405
f 4781//1406 4782//1406 4783//1406
f 4781//1406 4783//1406 4784//1406
f 4785//1407 4786//1407 4787//1407
f 4785//1407 4787//1407 4788//1407
f 4789//1408 4790//1408 4791//1408
f 4789//1408 4791//1408 4792//1408
f 4793//1409 4794//1409 4795//1409
f 4793//1409 4795//1409 4796//1409
f 4797//1410 4798//1410 4799//1410
f 4797//1410 4799//1410 4800//1410
f 4801//1411 4802//1411 4803//1411
f 4804//1412 4805//1412 4806//1412
f 4807//1413 4808//1413 4809//1413
f 4810//1414 4811//1414 4812//1414
f 4813//1415 4814//1415 4815//1415
f 4816//1416 4817//1416 4818//1416
f 4819//1417 4820//1417 4821//1417
f 4822//1418 4823//1418 4824//1418
f 4825//1419 4826//1419 4827//1419
f 4828//1420 4829//1420 4830//1420
f 4831//1421 4832//1421 4833//1421
f 4834//1422 4835//1422 4836//1422
f 4837//1423 4838//1423 4839//1423
f 4840//1424 4841//1424 4842//1424
f 4843//1425 4844//1425 4845//1425
f 4846//1426 4847//1426 4848//1426
f 4849//1427 4850//1427 4851//1427
f 4852//1428 4853//1428 4854//1428
f 4855//1429 4856//1429 4857//1429
f 4858//1430 4859//1430 4860//1430
f 4861//1431 4862//1431 4863//1431
f 4864//1432 4865//1432 4866//1432
f 4867//1433 4868//1433 4869//1433
f 4870//1434 4871//1434 4872//1434
f 4873//1435 4874//1435 4875//1435
f 4873//1435 4875//1435 4876//1435
f 4877//1436 4878//1436 4879//1436
f 4877//1436 4879//1436 4880//1436
f 4881//1437 4882//1437 4883//1437
f 4881//1437 4883//1437 4884//1437
f 4885//1438 4886//1438 4887//1438
f 4885//1438 4887//1438 4888//1438
f 4889//1439 4890//1439 4891//1439
f 4889//1439 4891//1439 4892//1439
f 4893//1440 4894//1440 4895//1440
f 4893//1440 4895//1440 4896//1440
f 4897//1441 4898//1441 4899//1441
f 4897//1441 4899//1441 4900//1441
f 4901//1442 4902//1442 4903//1442
f 4901//1442 4903//1442 4904//1442
f 4905//1443 4906//1443 4907//1443
f 4905//1443 4907//1443 4908//1443
f 4909//1444 4910//1444 4911//1444
f 4909//1444 4911//1444 4912//1444
f 4913//1445 4914//1445 4915//1445
f 4913//1445 4915//1445 4916//1445
f 4917//1446 4918//1446 4919//1446
f 4917//1446 4919//1446 4920//1446
f 4921//1447 4922//1447 4923//1447
f 4921//1447 4923//1447 4924//1447
f 4925//1448 4926//1448 4927//1448
f 4925//1448 4927//1448 4928//1448
f 4929//1449 4930//1449 4931//1449
f 4929//1449 4931//1449 4932//1449
f 4933//1450 4934//1450 4935//1450
f 4933//1450 4935//1450 4936//1450
f 4937//1451 4938//1451 4939//1451
f 4937//1451 4939//1451 4940//1451
f 4941//1452 4942//1452 4943//1452
f 4941//1452 4943//1452 4944//1452
f 4945//1453 4946//1453 4947//1453
f 4948//1454 4949//1454 4950//1454
f 4951//1455 4952//1455 4953//1455
f 4954//1456 4955//1456 4956//1456
f 4957//1457 4958//1457 4959//1457
f 4960//1458 4961//1458 4962//1458
f 4963//1459 4964//1459 4965//1459
f 4966//1460 4967//1460 4968//1460
f 4969//1461 4970//1461 4971//1461
f 4972//1462 4973//1462 4974//1462
f 4975//1463 4976//1463 4977//1463
f 4978//1464 4979//1464 4980//1464
f 4981//1465 4982//1465 4983//1465
f 4984//1466 4985//1466 4986//1466
f 4987//1467 4988//1467 4989//1467
f 4990//1468 4991//1468 4992//1468
f 4993//1469 4994//1469 4995//1469
f 4996//1470 4997//1470 4998//1470
f 4999//1471 5000//1471 5001//1471
f 5002//1472 5003//1472 5004//1472
f 5005//1473 5006//1473 5007//1473
f 5008//1474 5009//1474 5010//1474
f 5011//1475 5012//1475 5013//1475
f 5014//1476 5015//1476 5016//1476
f 5017//1477 5018//1477 5019//1477
f 5017//1477 5019//1477 5020//1477
f 5021//1478 5022//1478 5023//1478
f 5021//1478 5023//1478 5024//1478
f 5025//1479 5026//1479 5027//1479
f 5025//1479 5027//1479 5028//1479
f 5029//1480 5030//1480 5031//1480
f 5029//1480 5031//1480 5032//1480
f 5033//1481 5034//1481 5035//1481
f 5033//1481 5035//1481 5036//1481
f 5037//1482 5038//1482 5039//1482
f 5037//1482 5039//1482 5040//1482
f 5041//1483 5042//1483 5043//1483
f 5041//1483 5043//1483 5044//1483
f 5045//1484 5046//1484 5047//1484
f 5045//1484 5047//1484 5048//1484
f 5049//1485 5050//1485 5051//1485
f 5049//1485 5051//1485 5052//1485
f 5053//1486 5054//1486 5055//1486
f 5053//1486 5055//1486 5056//1486
f 5057//1487 5058//1487 5059//1487
f 5057//1487 5059//1487 5060//1487
f 5061//1488 5062//1488 5063//1488
f 5061//1488 5063//1488 5064//1488
f 5065//1489 5066//1489 5067//1489
f 5068//1490 5069//1490 5070//1490
f 5071//1491 5072//1491 5073//1491
f 5074//1492 5075//1492 5076//1492
f 5077//1493 5078//1493 5079//1493
f 5080//1494 5081//1494 5082//1494
f 5083//1495 5084//1495 5085//1495
f 5086//1496 5087//1496 5088//1496
f 5089//1497 5090//1497 5091//1497
f 5092//1498 5093//1498 5094//1498
f 5095//1499 5096//1499 5097//1499
f 5098//1500 5099//1500 5100//1500
f 5101//1501 5102//1501 5103//1501
f 5104//1502 5105//1502 5106//1502
f 5107//1503 5108//1503 5109//1503
f 5110//1504 5111//1504 5112//1504
f 5113//1505 5114//1505 5115//1505
f 5116//1506 5117//1506 5118//1506
f 5119//1507 5120//1507 5121//1507
f 5122//1508 5123//1508 5124//1508
f 5125//1509 5126//1509 5127//1509
f 5128//1510 5129//1510 5130//1510
f 5131//1511 5132//1511 5133//1511
f 5134//1512 5135//1512 5136//1512
f 5137//1513 5138//1513 5139//1513
f 5137//1513 5139//1513 5140//1513
f 5141//1514 5142//1514 5143//1514
f 5141//1514 5143//1514 5144//1514
f 5145//1515 5146//1515 5147//1515
f 5145//1515 5147//1515 5148//1515
f 5149//1516 5150//1516 5151//1516
f 5149//1516 5151//1516 5152//1516
f 5153//1517 5154//1517 5155//1517
f 5153//1517 5155//1517 5156//1517
f 5157//1518 5158//1518 5159//1518
f 5157//1518 5159//1518 5160//1518
f 5161//1519 5162//1519 5163//1519
f 5161//1519 5163//1519 5164//1519
f 5165//1520 5166//1520 5167//1520
f 5165//1520 5167//1520 5168//1520
f 5169//1521 5170//1521 5171//1521
f 5169//1521 5171//1521 5172//1521
f 5173//1522 5174//1522 5175//1522
f 5173//1522 5175//1522 5176//1522
f 5177//1523 5178//1523 5179//1523
f 5177//1523 5179//1523 5180//1523
f 5181//1524 5182//1524 5183//1524
f 5181//1524 5183//1524 5184//1524
f 5185//1525 5186//1525 5187//1525
f 5185//1525 5187//1525 5188//1525
f 5189//1526 5190//1526 5191//1526
f 5189//1526 5191//1526 5192//1526
f 5193//1527 5194//1527 5195//1527
f 5193//1527 5195//1527 5196//1527
f 5197//1528 5198//1528 5199//1528
f 5197//1528 5199//1528 5200//1528
f 5201//1529 5202//1529 5203//1529
f 5201//1529 5203//1529 5204//1529
f 5205//1530 5206//1530 5207//1530
f 5205//1530 5207//1530 5208//1530
f 5209//1531 5210//1531 5211//1531
f 5212//1532 5213//1532 5214//1532
f 5215//1533 5216//1533 5217//1533
f 5218//1534 5219//1534 5220//1534
f 5221//1535 5222//1535 5223//1535
f 5224//1536 5225//1536 5226//1536
f 5227//1537 5228//1537 5229//1537
f 5230//1538 5231//1538 5232//1538
f 5233//1539 5234//1539 5235//1539
f 5236//1540 5237//1540 5238//1540
f 5239//1541 5240//1541 5241//1541
f 5242//1542 5243//1542 5244//1542
f 5245//1543 5246//1543 5247//1543
f 5248//1544 5249//1544 5250//1544
f 5251//1545 5252//1545 5253//1545
f 5254//1546 5255//1546 5256//1546
f 5257//1547 5258//1547 5259//1547
f 5260//1548 5261//1548 5262//1548
f 5263//1549 5264//1549 5265//1549
f 5266//1550 5267//1550 5268//1550
f 5269//1551 5270//1551 5271//1551
f 5272//1552 5273//1552 5274//1552
f 5275//1553 5276//1553 5277//1553
f 5278//1554 5279//1554 5280//1554
f 5281//1555 5282//1555 5283//1555
f 5281//1555 5283//1555 5284//1555
f 5285//1556 5286//1556 5287//1556
f 5285//1556 5287//1556 5288//1556
f 5289//1557 5290//1557 5291//1557
f 5289//1557 5291//1557 5292//1557
f 5293//1558 5294//1558 5295//1558
f 5293//1558 5295//1558 5296//1558
f 5297//1559 5298//1559 5299//1559
f 5297//1559 5299//1559 5300//1559
f 5301//1560 5302//1560 5303//1560
f 5301//1560 5303//1560 5304//1560
f 5305//1561 5306//1561 5307//1561
f 5305//1561 5307//1561 5308//1561
f 5309//1562 5310//1562 5311//1562
f 5309//1562 5311//1562 5312//1562
f 5313//1563 5314//1563 5315//1563
f 5313//1563 5315//1563 5316//1563
f 5317//1564 5318//1564 5319//1564
f 5317//1564 5319//1564 5320//1564
f 5321//1565 5322//1565 5323//1565
f 5321//1565 5323//1565 5324//1565
f 5325//1566 5326//1566 5327//1566
f 5325//1566 5327//1566 5328//1566
f 5329//1567 5330//1567 5331//1567
f 5332//1568 5333//1568 5334//1568
f 5335//1569 5336//1569 5337//1569
f 5338//1570 5339//1570 5340//1570
f 5341//1571 5342//1571 5343//1571
f 5344//1572 5345//1572 5346//1572
f 5347//1573 5348//1573 5349//1573
f 5350//1574 5351//1574 5352//1574
f 5353//1575 5354//1575 5355//1575
f 5356//1576 5357//1576 5358//1576
f 5359//1577 5360//1577 5361//1577
f 5362//1578 5363//1578 5364//1578
f 5365//1579 5366//1579 5367//1579
f 5368//1580 5369//1580 5370//1580
f 5371//1581 5372//1581 5373//1581
f 5374//1582 5375//1582 5376//1582
f 5377//1583 5378//1583 5379//1583
f 5380//1584 5381//1584 5382//1584
f 5383//1585 5384//1585 5385//1585
f 5386//1586 5387//1586 5388//1586
f 5389//1587 5390//1587 5391//1587
f 5392//1588 5393//1588 5394//1588
f 5395//1589 5396//1589 5397//1589
f 5398//1590 5399//1590 5400//1590
f 5401//1591 5402//1591 5403//1591
f 5401//1591 5403//1591 5404//1591
f 5405//1592 5406//1592 5407//1592
f 5405//1592 5407//1592 5408//1592
f 5409//1593 5410//1593 5411//1593
f 5409//1593 5411//1593 5412//1593
f 5413//1594 5414//1594 5415//1594
f 5413//1594 5415//1594 5416//1594
f 5417//1595 5418//1595 5419//1595
f 5417//1595 5419//1595 5420//1595
f 5421//1596 5422//1596 5423//1596
f 5421//1596 5423//1596 5424//1596
usemtl Ceramic_White
f 217//61 218//61 219//61
f 217//61 219//61 220//61
f 221//62 222//62 223//62
f 221//62 223//62 224//62
f 225//63 226//63 227//63
f 225//63 227//63 228//63
f 229//64 230//64 231//64
f 229//64 231//64 232//64
f 233//65 234//65 235//65
f 233//65 235//65 236//65
f 237//66 238//66 239//66
f 237//66 239//66 240//66
usemtl Plastic_White
f 529//151 530//151 531//151
f 529//151 531//151 532//151
f 533//152 534//152 535//152
f 533//152 535//152 536//152
f 537//153 538//153 539//153
f 537//153 539//153 540//153
f 541//154 542//154 543//154
f 541//154 543//154 544//154
f 545//155 546//155 547//155
f 545//155 547//155 548//155
f 549//156 550//156 551//156
f 549//156 551//156 552//156
usemtl LED_RGB
f 553//157 554//157 555//157
f 553//157 555//157 556//157
f 557//158 558//158 559//158
f 557//158 559//158 560//158
f 561//159 562//159 563//159
f 561//159 563//159 564//159
f 565//160 566//160 567//160
f 565//160 567//160 568//160
f 569//161 570//161 571//161
f 569//161 571//161 572//161
f 573//162 574//162 575//162
f 573//162 575//162 576//162
f 577//163 578//163 579//163
f 577//163 579//163 580//163
f 581//164 582//164 583//164
f 581//164 583//164 584//164
f 585//165 586//165 587//165
f 585//165 587//165 588//165
f 589//166 590//166 591//166
f 589//166 591//166 592//166
f 593//167 594//167 595//167
f 593//167 595//167 596//167
f 597//168 598//168 599//168
f 597//168 599//168 600//168
f 601//169 602//169 603//169
f 604//170 605//170 606//170
f 607//171 608//171 609//171
f 610//172 611//172 612//172
f 613//173 614//173 615//173
f 616//174 617//174 618//174
f 619//175 620//175 621//175
f 622//176 623//176 624//176
f 625//177 626//177 627//177
f 628//178 629//178 630//178
f 631//179 632//179 633//179
f 634//180 635//180 636//180
f 637//181 638//181 639//181
f 640//182 641//182 642//182
f 643//183 644//183 645//183
f 646//184 647//184 648//184
f 649//185 650//185 651//185
f 652//186 653//186 654//186
f 655//187 656//187 657//187
f 658//188 659//188 660//188
f 661//189 662//189 663//189
f 664//190 665//190 666//190
f 667//191 668//191 669//191
f 670//192 671//192 672//192
usemtl SMD_Body
f 5425//1597 5426//1597 5427//1597
f 5425//1597 5427//1597 5428//1597
f 5429//1598 5430//1598 5431//1598
f 5429//1598 5431//1598 5432//1598
f 5433//1599 5434//1599 5435//1599
f 5433//1599 5435//1599 5436//1599
f 5437//1600 5438//1600 5439//1600
f 5437//1600 5439//1600 5440//1600
f 5441//1601 5442//1601 5443//1601
f 5441//1601 5443//1601 5444//1601
f 5445//1602 5446//1602 5447//1602
f 5445//1602 5447//1602 5448//1602
f 5497//1615 5498//1615 5499//1615
f 5497//1615 5499//1615 5500//1615
f 5501//1616 5502//1616 5503//1616
f 5501//1616 5503//1616 5504//1616
f 5505//1617 5506//1617 5507//1617
f 5505//1617 5507//1617 5508//1617
f 5509//1618 5510//1618 5511//1618
f 5509//1618 5511//1618 5512//1618
f 5513//1619 5514//1619 5515//1619
f 5513//1619 5515//1619 5516//1619
f 5517//1620 5518//1620 5519//1620
f 5517//1620 5519//1620 5520//1620
